Month,Expectation,Inflation_current,Inflation_month_ago,D_inf_current,D_inf_month_ago,Inflation_year_ahead,Diff,Error,D_Diff,D_Error,MoM_adjustment,YoY_adjustment,Expectation_month_ago,Expectation_year_ago
1979-02-01,9.30000,9.84127,9.25040,0.59087,0.26164,14.16185,-2.04127,-3.44127,-0.09087,0.60913,1.50000,2.90000,7.800000,6.40000
1979-03-01,8.80000,10.25237,9.84127,0.41110,0.59087,14.59227,-0.95237,-3.95237,1.08890,-0.51110,-0.50000,2.50000,9.300000,6.30000
1979-04-01,9.70000,10.48513,10.25237,0.23276,0.41110,14.58924,-1.68513,-3.78513,-0.73276,0.16724,0.90000,3.00000,8.800000,6.70000
1979-05-01,9.80000,10.69767,10.48513,0.21254,0.23276,14.42577,-0.99767,-3.79767,0.68746,-0.01254,0.10000,2.90000,9.700000,6.90000
1979-06-01,9.90000,11.07692,10.69767,0.37925,0.21254,14.26593,-1.27692,-4.57692,-0.27925,-0.77925,0.10000,3.40000,9.800000,6.50000
1979-07-01,9.90000,11.45038,11.07692,0.37346,0.37925,13.15068,-1.55038,-4.85038,-0.27346,-0.27346,0.00000,3.30000,9.900000,6.60000
1979-08-01,9.90000,11.83612,11.45038,0.38574,0.37346,12.89009,-1.93612,-3.13612,-0.38574,1.71426,0.00000,1.20000,9.900000,8.70000
1979-09-01,9.60000,11.87970,11.83612,0.04358,0.38574,12.76882,-1.97970,-4.97970,-0.04358,-1.84358,-0.30000,2.70000,9.900000,6.90000
1979-10-01,9.00000,12.07154,11.87970,0.19184,0.04358,12.63298,-2.47154,-4.67154,-0.49184,0.30816,-0.60000,1.60000,9.600000,7.40000
1979-11-01,10.00000,12.59259,12.07154,0.52105,0.19184,12.63158,-3.59259,-5.09259,-1.12105,-0.42105,1.00000,2.50000,9.000000,7.50000
1979-12-01,9.90000,13.25479,12.59259,0.66220,0.52105,12.35371,-3.25479,-5.95479,0.33780,-0.86220,-0.10000,2.60000,10.000000,7.30000
1980-01-01,10.40000,13.86861,13.25479,0.61382,0.66220,11.79487,-3.96861,-6.06861,-0.71382,-0.11382,0.50000,2.60000,9.900000,7.80000
1980-02-01,10.00000,14.16185,13.86861,0.29324,0.61382,11.39241,-3.76185,-4.86185,0.20676,1.20676,-0.40000,0.70000,10.400000,9.30000
1980-03-01,10.20000,14.59227,14.16185,0.43042,0.29324,10.61174,-4.59227,-5.79227,-0.83042,-0.93042,0.20000,1.40000,10.000000,8.80000
1980-04-01,10.10000,14.58924,14.59227,-0.00303,0.43042,10.13597,-4.38924,-4.88924,0.20303,0.90303,-0.10000,0.40000,10.200000,9.70000
1980-05-01,8.60000,14.42577,14.58924,-0.16347,-0.00303,9.79192,-4.32577,-4.62577,0.06347,0.26347,-1.50000,-1.20000,10.100000,9.80000
1980-06-01,8.50000,14.26593,14.42577,-0.15984,-0.16347,9.69697,-5.66593,-4.36593,-1.34016,0.25984,-0.10000,-1.40000,8.600000,9.90000
1980-07-01,9.60000,13.15068,14.26593,-1.11525,-0.15984,10.77482,-4.65068,-3.25068,1.01525,1.11525,1.10000,-0.30000,8.500000,9.90000
1980-08-01,7.60000,12.89009,13.15068,-0.26059,-1.11525,10.81731,-3.29009,-2.99009,1.36059,0.26059,-2.00000,-2.30000,9.600000,9.90000
1980-09-01,9.10000,12.76882,12.89009,-0.12127,-0.26059,10.96544,-5.16882,-3.16882,-1.87873,-0.17873,1.50000,-0.50000,7.600000,9.60000
1980-10-01,9.60000,12.63298,12.76882,-0.13584,-0.12127,10.27155,-3.53298,-3.63298,1.63584,-0.46416,0.50000,0.60000,9.100000,9.00000
1980-11-01,8.60000,12.63158,12.63298,-0.00140,-0.13584,9.57944,-3.03158,-2.63158,0.50140,1.00140,-1.00000,-1.40000,9.600000,10.00000
1980-12-01,9.70000,12.35371,12.63158,-0.27787,-0.00140,8.91204,-3.75371,-2.45371,-0.72213,0.17787,1.10000,-0.20000,8.600000,9.90000
1981-01-01,9.50000,11.79487,12.35371,-0.55884,-0.27787,8.25688,-2.09487,-1.39487,1.65884,1.05884,-0.20000,-0.90000,9.700000,10.40000
1981-02-01,8.60000,11.39241,11.79487,-0.40246,-0.55884,7.61364,-1.89241,-1.39241,0.20246,0.00246,-0.90000,-1.40000,9.500000,10.00000
1981-03-01,7.20000,10.61174,11.39241,-0.78067,-0.40246,6.88488,-2.01174,-0.41174,-0.11933,0.98067,-1.40000,-3.00000,8.600000,10.20000
1981-04-01,8.00000,10.13597,10.61174,-0.47577,-0.78067,6.62177,-2.93597,-0.03597,-0.92423,0.37577,0.80000,-2.10000,7.200000,10.10000
1981-05-01,7.30000,9.79192,10.13597,-0.34405,-0.47577,6.91193,-1.79192,-1.19192,1.14405,-1.15595,-0.70000,-1.30000,8.000000,8.60000
1981-06-01,7.10000,9.69697,9.79192,-0.09495,-0.34405,7.18232,-2.39697,-1.19697,-0.60505,-0.00505,-0.20000,-1.40000,7.300000,8.50000
1981-07-01,6.80000,10.77482,9.69697,1.07785,-0.09495,6.55738,-3.67482,-1.17482,-1.27785,0.02215,-0.30000,-2.80000,7.100000,9.60000
1981-08-01,5.80000,10.81731,10.77482,0.04249,1.07785,5.96529,-4.01731,-3.21731,-0.34249,-2.04249,-1.00000,-1.80000,6.800000,7.60000
1981-09-01,6.90000,10.96544,10.81731,0.14813,0.04249,4.94092,-5.16544,-1.86544,-1.14813,1.35187,1.10000,-2.20000,5.800000,9.10000
1981-10-01,6.70000,10.27155,10.96544,-0.69389,0.14813,5.03212,-3.37155,-0.67155,1.79389,1.19389,-0.20000,-2.90000,6.900000,9.60000
1981-11-01,7.30000,9.57944,10.27155,-0.69211,-0.69389,4.47761,-2.87944,-0.97944,0.49211,-0.30789,0.60000,-1.30000,6.700000,8.60000
1981-12-01,5.30000,8.91204,9.57944,-0.66740,-0.69211,3.82572,-1.61204,0.78796,1.26740,1.76740,-2.00000,-4.40000,7.300000,9.70000
1982-01-01,5.10000,8.25688,8.91204,-0.65516,-0.66740,3.70763,-2.95688,1.24312,-1.34484,0.45516,-0.20000,-4.40000,5.300000,9.50000
1982-02-01,5.20000,7.61364,8.25688,-0.64324,-0.65516,3.48469,-2.51364,0.98636,0.44324,-0.25676,0.10000,-3.40000,5.100000,8.60000
1982-03-01,4.20000,6.88488,7.61364,-0.72876,-0.64324,3.59029,-1.68488,0.31512,0.82876,-0.67124,-1.00000,-3.00000,5.200000,7.20000
1982-04-01,4.70000,6.62177,6.88488,-0.26311,-0.72876,4.00000,-2.42177,1.37823,-0.73689,1.06311,0.50000,-3.30000,4.200000,8.00000
1982-05-01,3.50000,6.91193,6.62177,0.29016,-0.26311,3.44108,-2.21193,0.38807,0.20984,-0.99016,-1.20000,-3.80000,4.700000,7.30000
1982-06-01,4.60000,7.18232,6.91193,0.27039,0.29016,2.47423,-3.68232,-0.08232,-1.47039,-0.47039,1.10000,-2.50000,3.500000,7.10000
1982-07-01,5.00000,6.55738,7.18232,-0.62494,0.27039,2.35897,-1.95738,0.24262,1.72494,0.32494,0.40000,-1.80000,4.600000,6.80000
1982-08-01,4.80000,5.96529,6.55738,-0.59209,-0.62494,2.45650,-0.96529,-0.16529,0.99209,-0.40791,-0.20000,-1.00000,5.000000,5.80000
1982-09-01,4.50000,4.94092,5.96529,-1.02437,-0.59209,2.76356,-0.14092,1.95908,0.82437,2.12437,-0.30000,-2.40000,4.800000,6.90000
1982-10-01,4.70000,5.03212,4.94092,0.09120,-1.02437,2.75229,-0.53212,1.66788,-0.39120,-0.29120,0.20000,-2.00000,4.500000,6.70000
1982-11-01,4.50000,4.47761,5.03212,-0.55451,0.09120,3.16327,0.22239,2.82239,0.75451,1.15451,-0.20000,-2.80000,4.700000,7.30000
1982-12-01,3.70000,3.82572,4.47761,-0.65189,-0.55451,3.78710,0.67428,1.47428,0.45189,-1.34811,-0.80000,-1.60000,4.500000,5.30000
1983-01-01,2.80000,3.70763,3.82572,-0.11809,-0.65189,4.29009,-0.00763,1.39237,-0.68191,-0.08191,-0.90000,-2.30000,3.700000,5.10000
1983-02-01,3.00000,3.48469,3.70763,-0.22294,-0.11809,4.69388,-0.68469,1.71531,-0.67706,0.32294,0.20000,-2.20000,2.800000,5.20000
1983-03-01,1.80000,3.59029,3.48469,0.10560,-0.22294,4.89297,-0.59029,0.60971,0.09440,-1.10560,-1.20000,-2.40000,3.000000,4.20000
1983-04-01,3.40000,4.00000,3.59029,0.40971,0.10560,4.55466,-2.20000,0.70000,-1.60971,0.09029,1.60000,-1.30000,1.800000,4.70000
1983-05-01,3.20000,3.44108,4.00000,-0.55892,0.40971,4.33468,-0.04108,0.05892,2.15892,-0.64108,-0.20000,-0.30000,3.400000,3.50000
1983-06-01,3.20000,2.47423,3.44108,-0.96685,-0.55892,4.32596,0.72577,2.12577,0.76685,2.06685,0.00000,-1.40000,3.200000,4.60000
1983-07-01,3.20000,2.35897,2.47423,-0.11526,-0.96685,4.30862,0.84103,2.64103,0.11526,0.51526,0.00000,-1.80000,3.200000,5.00000
1983-08-01,3.30000,2.45650,2.35897,0.09753,-0.11526,4.29570,0.74350,2.34350,-0.09753,-0.29753,0.10000,-1.50000,3.200000,4.80000
1983-09-01,3.30000,2.76356,2.45650,0.30706,0.09753,4.28287,0.53644,1.73644,-0.20706,-0.60706,0.00000,-1.20000,3.300000,4.50000
1983-10-01,3.70000,2.75229,2.76356,-0.01127,0.30706,4.26587,0.54771,1.94771,0.01127,0.21127,0.40000,-1.00000,3.300000,4.70000
1983-11-01,3.50000,3.16327,2.75229,0.41098,-0.01127,4.15430,0.53673,1.33673,-0.01098,-0.61098,-0.20000,-1.00000,3.700000,4.50000
1983-12-01,3.50000,3.78710,3.16327,0.62383,0.41098,4.04339,-0.28710,-0.08710,-0.82383,-1.42383,0.00000,-0.20000,3.500000,3.70000
1984-01-01,3.20000,4.29009,3.78710,0.50299,0.62383,3.52595,-0.79009,-1.49009,-0.50299,-1.40299,-0.30000,0.40000,3.500000,2.80000
1984-02-01,3.30000,4.69388,4.29009,0.40379,0.50299,3.60624,-1.49388,-1.69388,-0.70379,-0.20379,0.10000,0.30000,3.200000,3.00000
1984-03-01,3.40000,4.89297,4.69388,0.19909,0.40379,3.79009,-1.59297,-3.09297,-0.09909,-1.39909,0.10000,1.60000,3.300000,1.80000
1984-04-01,3.90000,4.55466,4.89297,-0.33831,0.19909,3.58180,-1.15466,-1.15466,0.43831,1.93831,0.50000,0.50000,3.400000,3.40000
1984-05-01,4.20000,4.33468,4.55466,-0.21998,-0.33831,3.57488,-0.43468,-1.13468,0.71998,0.01998,0.30000,1.00000,3.900000,3.20000
1984-06-01,4.20000,4.32596,4.33468,-0.00872,-0.21998,3.66442,-0.12596,-1.12596,0.30872,0.00872,0.00000,1.00000,4.200000,3.20000
1984-07-01,3.40000,4.30862,4.32596,-0.01734,-0.00872,3.45821,-0.10862,-1.10862,0.01734,0.01734,-0.80000,0.20000,4.200000,3.20000
1984-08-01,3.00000,4.29570,4.30862,-0.01292,-0.01734,3.35249,-0.89570,-0.99570,-0.78708,0.11292,-0.40000,-0.30000,3.400000,3.30000
1984-09-01,3.00000,4.28287,4.29570,-0.01283,-0.01292,3.24737,-1.28287,-0.98287,-0.38717,0.01283,0.00000,-0.30000,3.000000,3.30000
1984-10-01,3.50000,4.26587,4.28287,-0.01700,-0.01283,3.23501,-1.26587,-0.56587,0.01700,0.41700,0.50000,-0.20000,3.000000,3.70000
1984-11-01,3.40000,4.15430,4.26587,-0.11157,-0.01700,3.51377,-0.65430,-0.65430,0.61157,-0.08843,-0.10000,-0.10000,3.500000,3.50000
1984-12-01,3.30000,4.04339,4.15430,-0.11091,-0.11157,3.79147,-0.64339,-0.54339,0.01091,0.11091,-0.10000,-0.20000,3.400000,3.50000
1985-01-01,2.90000,3.52595,4.04339,-0.51744,-0.11091,3.97351,-0.22595,-0.32595,0.41744,0.21744,-0.40000,-0.30000,3.300000,3.20000
1985-02-01,3.10000,3.60624,3.52595,0.08029,-0.51744,3.19849,-0.70624,-0.30624,-0.48029,0.01971,0.20000,-0.20000,2.900000,3.30000
1985-03-01,3.00000,3.79009,3.60624,0.18385,0.08029,2.15356,-0.69009,-0.39009,0.01615,-0.08385,-0.10000,-0.40000,3.100000,3.40000
1985-04-01,3.30000,3.58180,3.79009,-0.20829,0.18385,1.58879,-0.58180,0.31820,0.10829,0.70829,0.30000,-0.60000,3.000000,3.90000
1985-05-01,3.20000,3.57488,3.58180,-0.00692,-0.20829,1.67910,-0.27488,0.62512,0.30692,0.30692,-0.10000,-1.00000,3.300000,4.20000
1985-06-01,3.40000,3.66442,3.57488,0.08954,-0.00692,1.76744,-0.46442,0.53558,-0.18954,-0.08954,0.20000,-0.80000,3.200000,4.20000
1985-07-01,2.80000,3.45821,3.66442,-0.20621,0.08954,1.67131,-0.05821,-0.05821,0.40621,-0.59379,-0.60000,-0.60000,3.400000,3.40000
1985-08-01,2.80000,3.35249,3.45821,-0.10572,-0.20621,1.57553,-0.55249,-0.35249,-0.49428,-0.29428,0.00000,-0.20000,2.800000,3.00000
1985-09-01,2.90000,3.24737,3.35249,-0.10512,-0.10572,1.75763,-0.44737,-0.24737,0.10512,0.10512,0.10000,-0.10000,2.800000,3.00000
1985-10-01,3.30000,3.23501,3.24737,-0.01236,-0.10512,1.56682,-0.33501,0.26499,0.11236,0.51236,0.40000,-0.20000,2.900000,3.50000
1985-11-01,3.10000,3.51377,3.23501,0.27876,-0.01236,1.28440,-0.21377,-0.11377,0.12124,-0.37876,-0.20000,-0.30000,3.300000,3.40000
1985-12-01,3.50000,3.79147,3.51377,0.27770,0.27876,1.18721,-0.69147,-0.49147,-0.47770,-0.37770,0.40000,0.20000,3.100000,3.30000
1986-01-01,2.90000,3.97351,3.79147,0.18204,0.27770,1.36488,-0.47351,-1.07351,0.21796,-0.58204,-0.60000,0.00000,3.500000,2.90000
1986-02-01,2.80000,3.19849,3.97351,-0.77502,0.18204,1.91431,-0.29849,-0.09849,0.17502,0.97502,-0.10000,-0.30000,2.900000,3.10000
1986-03-01,2.30000,2.15356,3.19849,-1.04493,-0.77502,2.84143,0.64644,0.84644,0.94493,0.94493,-0.50000,-0.70000,2.800000,3.00000
1986-04-01,2.40000,1.58879,2.15356,-0.56477,-1.04493,3.67985,0.71121,1.71121,0.06477,0.86477,0.10000,-0.90000,2.300000,3.30000
1986-05-01,2.70000,1.67910,1.58879,0.09031,-0.56477,3.66972,0.72090,1.52090,0.00969,-0.19031,0.30000,-0.50000,2.400000,3.20000
1986-06-01,2.90000,1.76744,1.67910,0.08834,0.09031,3.74771,0.93256,1.63256,0.21166,0.11166,0.20000,-0.50000,2.700000,3.40000
1986-07-01,2.80000,1.67131,1.76744,-0.09613,0.08834,3.92694,1.22869,1.12869,0.29613,-0.50387,-0.10000,0.00000,2.900000,2.80000
1986-08-01,3.00000,1.57553,1.67131,-0.09578,-0.09613,4.28832,1.22447,1.22447,-0.00422,0.09578,0.20000,0.20000,2.800000,2.80000
1986-09-01,2.90000,1.75763,1.57553,0.18210,-0.09578,4.27273,1.24237,1.14237,0.01790,-0.08210,-0.10000,0.00000,3.000000,2.90000
1986-10-01,3.20000,1.56682,1.75763,-0.19081,0.18210,4.35572,1.33318,1.73318,0.09081,0.59081,0.30000,-0.10000,2.900000,3.30000
1986-11-01,2.80000,1.28440,1.56682,-0.28242,-0.19081,4.52899,1.91560,1.81560,0.58242,0.08242,-0.40000,-0.30000,3.200000,3.10000
1986-12-01,3.00000,1.18721,1.28440,-0.09719,-0.28242,4.33213,1.61279,2.31279,-0.30281,0.49719,0.20000,-0.50000,2.800000,3.50000
1987-01-01,2.90000,1.36488,1.18721,0.17767,-0.09719,4.12926,1.63512,1.53512,0.02233,-0.77767,-0.10000,0.00000,3.000000,2.90000
1987-02-01,3.10000,1.91431,1.36488,0.54943,0.17767,3.93560,0.98569,0.88569,-0.64943,-0.64943,0.20000,0.30000,2.900000,2.80000
1987-03-01,3.00000,2.84143,1.91431,0.92712,0.54943,3.83244,0.25857,-0.54143,-0.72712,-1.42712,-0.10000,0.70000,3.100000,2.30000
1987-04-01,3.00000,3.67985,2.84143,0.83842,0.92712,3.99290,-0.67985,-1.27985,-0.93842,-0.73842,0.00000,0.60000,3.000000,2.40000
1987-05-01,3.40000,3.66972,3.67985,-0.01013,0.83842,3.98230,-0.66972,-0.96972,0.01013,0.31013,0.40000,0.70000,3.000000,2.70000
1987-06-01,3.30000,3.74771,3.66972,0.07799,-0.01013,3.96476,-0.34771,-0.84771,0.32201,0.12201,-0.10000,0.40000,3.400000,2.90000
1987-07-01,3.10000,3.92694,3.74771,0.17923,0.07799,4.13005,-0.62694,-1.12694,-0.27923,-0.27923,-0.20000,0.30000,3.300000,2.80000
1987-08-01,3.20000,4.28832,3.92694,0.36138,0.17923,4.11199,-1.18832,-1.28832,-0.56138,-0.16138,0.10000,0.20000,3.100000,3.00000
1987-09-01,3.00000,4.27273,4.28832,-0.01559,0.36138,4.18483,-1.07273,-1.37273,0.11559,-0.08441,-0.20000,0.10000,3.200000,2.90000
1987-10-01,3.30000,4.35572,4.27273,0.08299,-0.01559,4.26087,-1.35572,-1.15572,-0.28299,0.21701,0.30000,0.10000,3.000000,3.20000
1987-11-01,3.20000,4.52899,4.35572,0.17327,0.08299,4.24610,-1.22899,-1.72899,0.12673,-0.57327,-0.10000,0.40000,3.300000,2.80000
1987-12-01,3.10000,4.33213,4.52899,-0.19686,0.17327,4.41176,-1.13213,-1.33213,0.09686,0.39686,-0.10000,0.10000,3.200000,3.00000
1988-01-01,3.20000,4.12926,4.33213,-0.20287,-0.19686,4.48276,-1.02926,-1.22926,0.10287,0.10287,0.10000,0.30000,3.100000,2.90000
1988-02-01,3.10000,3.93560,4.12926,-0.19366,-0.20287,4.64716,-0.73560,-0.83560,0.29366,0.39366,-0.10000,0.00000,3.200000,3.10000
1988-03-01,3.20000,3.83244,3.93560,-0.10316,-0.19366,4.89270,-0.73244,-0.83244,0.00316,0.00316,0.10000,0.20000,3.100000,3.00000
1988-04-01,3.30000,3.99290,3.83244,0.16046,-0.10316,5.03413,-0.79290,-0.99290,-0.06046,-0.16046,0.10000,0.30000,3.200000,3.00000
1988-05-01,3.30000,3.98230,3.99290,-0.01060,0.16046,5.27660,-0.68230,-0.58230,0.11060,0.41060,0.00000,-0.10000,3.300000,3.40000
1988-06-01,3.70000,3.96476,3.98230,-0.01754,-0.01060,5.16949,-0.66476,-0.66476,0.01754,-0.08246,0.40000,0.40000,3.300000,3.30000
1988-07-01,4.60000,4.13005,3.96476,0.16529,-0.01754,5.06329,-0.43005,-1.03005,0.23471,-0.36529,0.90000,1.50000,3.700000,3.10000
1988-08-01,4.40000,4.11199,4.13005,-0.01806,0.16529,4.62185,0.48801,-0.91199,0.91806,0.11806,-0.20000,1.20000,4.600000,3.20000
1988-09-01,3.90000,4.18483,4.11199,0.07284,-0.01806,4.43515,0.21517,-1.18483,-0.27284,-0.27284,-0.50000,0.90000,4.400000,3.00000
1988-10-01,3.90000,4.26087,4.18483,0.07604,0.07284,4.58716,-0.36087,-0.96087,-0.57604,0.22396,0.00000,0.60000,3.900000,3.30000
1988-11-01,3.70000,4.24610,4.26087,-0.01477,0.07604,4.65503,-0.34610,-1.04610,0.01477,-0.08523,-0.20000,0.50000,3.900000,3.20000
1988-12-01,3.90000,4.41176,4.24610,0.16566,-0.01477,4.63960,-0.71176,-1.31176,-0.36566,-0.26566,0.20000,0.80000,3.700000,3.10000
1989-01-01,3.50000,4.48276,4.41176,0.07100,0.16566,5.19802,-0.58276,-1.28276,0.12900,0.02900,-0.40000,0.30000,3.900000,3.20000
1989-02-01,4.10000,4.64716,4.48276,0.16440,0.07100,5.26316,-1.14716,-1.54716,-0.56440,-0.26440,0.60000,1.00000,3.500000,3.10000
1989-03-01,3.70000,4.89270,4.64716,0.24554,0.16440,5.23732,-0.79270,-1.69270,0.35446,-0.14554,-0.40000,0.50000,4.100000,3.20000
1989-04-01,4.30000,5.03413,4.89270,0.14143,0.24554,4.71162,-1.33413,-1.73413,-0.54143,-0.04143,0.60000,1.00000,3.700000,3.30000
1989-05-01,4.60000,5.27660,5.03413,0.24247,0.14143,4.36540,-0.97660,-1.97660,0.35753,-0.24247,0.30000,1.30000,4.300000,3.30000
1989-06-01,3.80000,5.16949,5.27660,-0.10711,0.24247,4.67365,-0.56949,-1.46949,0.40711,0.50711,-0.80000,0.10000,4.600000,3.70000
1989-07-01,4.10000,5.06329,5.16949,-0.10620,-0.10711,4.81928,-1.26329,-0.46329,-0.69380,1.00620,0.30000,-0.50000,3.800000,4.60000
1989-08-01,3.50000,4.62185,5.06329,-0.44144,-0.10620,5.70281,-0.52185,-0.22185,0.74144,0.24144,-0.60000,-0.90000,4.100000,4.40000
1989-09-01,3.40000,4.43515,4.62185,-0.18670,-0.44144,6.16987,-0.93515,-0.53515,-0.41330,-0.31330,-0.10000,-0.50000,3.500000,3.90000
1989-10-01,3.60000,4.58716,4.43515,0.15201,-0.18670,6.37959,-1.18716,-0.68716,-0.25201,-0.15201,0.20000,-0.30000,3.400000,3.90000
1989-11-01,3.50000,4.65503,4.58716,0.06787,0.15201,6.19539,-1.05503,-0.95503,0.13213,-0.26787,-0.10000,-0.20000,3.600000,3.70000
1989-12-01,3.50000,4.63960,4.65503,-0.01543,0.06787,6.25495,-1.13960,-0.73960,-0.08457,0.21543,0.00000,-0.40000,3.500000,3.90000
1990-01-01,4.10000,5.19802,4.63960,0.55842,-0.01543,5.64706,-1.69802,-1.69802,-0.55842,-0.95842,0.60000,0.60000,3.500000,3.50000
1990-02-01,4.10000,5.26316,5.19802,0.06514,0.55842,5.31250,-1.16316,-1.16316,0.53486,0.53486,0.00000,0.00000,4.100000,4.10000
1990-03-01,3.70000,5.23732,5.26316,-0.02584,0.06514,4.82115,-1.13732,-1.53732,0.02584,-0.37416,-0.40000,0.00000,4.100000,3.70000
1990-04-01,3.60000,4.71162,5.23732,-0.52570,-0.02584,4.80993,-1.01162,-0.41162,0.12570,1.12570,-0.10000,-0.70000,3.700000,4.30000
1990-05-01,3.40000,4.36540,4.71162,-0.34622,-0.52570,5.03486,-0.76540,0.23460,0.24622,0.64622,-0.20000,-1.20000,3.600000,4.60000
1990-06-01,3.80000,4.67365,4.36540,0.30825,-0.34622,4.69592,-1.27365,-0.87365,-0.50825,-1.10825,0.40000,0.00000,3.400000,3.80000
1990-07-01,3.40000,4.81928,4.67365,0.14563,0.30825,4.36782,-1.01928,-0.71928,0.25437,0.15437,-0.40000,-0.70000,3.800000,4.10000
1990-08-01,4.60000,5.70281,4.81928,0.88353,0.14563,3.79939,-2.30281,-2.20281,-1.28353,-1.48353,1.20000,1.10000,3.400000,3.50000
1990-09-01,4.70000,6.16987,5.70281,0.46706,0.88353,3.39623,-1.56987,-2.76987,0.73294,-0.56706,0.10000,1.30000,4.600000,3.40000
1990-10-01,4.80000,6.37959,6.16987,0.20972,0.46706,2.84858,-1.67959,-2.77959,-0.10972,-0.00972,0.10000,1.20000,4.700000,3.60000
1990-11-01,4.70000,6.19539,6.37959,-0.18420,0.20972,3.06657,-1.39539,-2.69539,0.28420,0.08420,-0.10000,1.20000,4.800000,3.50000
1990-12-01,4.70000,6.25495,6.19539,0.05956,-0.18420,2.98063,-1.55495,-2.75495,-0.15956,-0.05956,0.00000,1.20000,4.700000,3.50000
1991-01-01,3.90000,5.64706,6.25495,-0.60789,0.05956,2.67261,-0.94706,-1.54706,0.60789,1.20789,-0.80000,-0.20000,4.700000,4.10000
1991-02-01,3.40000,5.31250,5.64706,-0.33456,-0.60789,2.81899,-1.41250,-1.21250,-0.46544,0.33456,-0.50000,-0.70000,3.900000,4.10000
1991-03-01,3.30000,4.82115,5.31250,-0.49135,-0.33456,3.18991,-1.42115,-1.12115,-0.00865,0.09135,-0.10000,-0.40000,3.400000,3.70000
1991-04-01,3.20000,4.80993,4.82115,-0.01122,-0.49135,3.18283,-1.50993,-1.20993,-0.08878,-0.08878,-0.10000,-0.40000,3.300000,3.60000
1991-05-01,3.10000,5.03486,4.80993,0.22493,-0.01122,3.02360,-1.83486,-1.63486,-0.32493,-0.42493,-0.10000,-0.30000,3.200000,3.40000
1991-06-01,3.30000,4.69592,5.03486,-0.33894,0.22493,3.01471,-1.59592,-0.89592,0.23894,0.73894,0.20000,-0.50000,3.100000,3.80000
1991-07-01,3.10000,4.36782,4.69592,-0.32810,-0.33894,3.15712,-1.06782,-0.96782,0.52810,-0.07190,-0.20000,-0.30000,3.300000,3.40000
1991-08-01,3.20000,3.79939,4.36782,-0.56843,-0.32810,3.07467,-0.69939,0.80061,0.36843,1.76843,0.10000,-1.40000,3.100000,4.60000
1991-09-01,3.00000,3.39623,3.79939,-0.40316,-0.56843,2.99270,-0.19623,1.30377,0.50316,0.50316,-0.20000,-1.70000,3.200000,4.70000
1991-10-01,3.20000,2.84858,3.39623,-0.54765,-0.40316,3.27988,0.15142,1.95142,0.34765,0.64765,0.20000,-1.60000,3.000000,4.80000
1991-11-01,2.90000,3.06657,2.84858,0.21799,-0.54765,3.12046,0.13343,1.63343,-0.01799,-0.31799,-0.30000,-1.80000,3.200000,4.70000
1991-12-01,2.70000,2.98063,3.06657,-0.08594,0.21799,2.96671,-0.08063,1.71937,-0.21406,0.08594,-0.20000,-2.00000,2.900000,4.70000
1992-01-01,2.70000,2.67261,2.98063,-0.30802,-0.08594,3.25380,0.02739,1.22739,0.10802,-0.49198,0.00000,-1.20000,2.700000,3.90000
1992-02-01,2.60000,2.81899,2.67261,0.14638,-0.30802,3.24675,-0.11899,0.58101,-0.14638,-0.64638,-0.10000,-0.80000,2.700000,3.40000
1992-03-01,2.60000,3.18991,2.81899,0.37092,0.14638,3.01941,-0.58991,0.11009,-0.47092,-0.47092,0.00000,-0.70000,2.600000,3.30000
1992-04-01,3.00000,3.18283,3.18991,-0.00708,0.37092,3.15638,-0.58283,0.01717,0.00708,-0.09292,0.40000,-0.20000,2.600000,3.20000
1992-05-01,2.90000,3.02360,3.18283,-0.15923,-0.00708,3.22119,-0.02360,0.07640,0.55923,0.05923,-0.10000,-0.20000,3.000000,3.10000
1992-06-01,3.10000,3.01471,3.02360,-0.00889,-0.15923,2.99786,-0.11471,0.28529,-0.09111,0.20889,0.20000,-0.20000,2.900000,3.30000
1992-07-01,2.70000,3.15712,3.01471,0.14241,-0.00889,2.84698,-0.05712,-0.05712,0.05759,-0.34241,-0.40000,-0.40000,3.100000,3.10000
1992-08-01,2.80000,3.07467,3.15712,-0.08245,0.14241,2.84091,-0.37467,0.12533,-0.31755,0.18245,0.10000,-0.40000,2.700000,3.20000
1992-09-01,3.00000,2.99270,3.07467,-0.08197,-0.08245,2.76400,-0.19270,0.00730,0.18197,-0.11803,0.20000,0.00000,2.800000,3.00000
1992-10-01,2.80000,3.27988,2.99270,0.28718,-0.08197,2.75229,-0.27988,-0.07988,-0.08718,-0.08718,-0.20000,-0.40000,3.000000,3.20000
1992-11-01,2.90000,3.12046,3.27988,-0.15942,0.28718,2.74455,-0.32046,-0.22046,-0.04058,-0.14058,0.10000,0.00000,2.800000,2.90000
1992-12-01,2.80000,2.96671,3.12046,-0.15375,-0.15942,2.81096,-0.06671,-0.26671,0.25375,-0.04625,-0.10000,0.10000,2.900000,2.70000
1993-01-01,2.90000,3.25380,2.96671,0.28709,-0.15375,2.45098,-0.45380,-0.55380,-0.38709,-0.28709,0.10000,0.20000,2.800000,2.70000
1993-02-01,3.20000,3.24675,3.25380,-0.00705,0.28709,2.51572,-0.34675,-0.64675,0.10705,-0.09295,0.30000,0.60000,2.900000,2.60000
1993-03-01,3.10000,3.01941,3.24675,-0.22734,-0.00705,2.65178,0.18059,-0.41941,0.52734,0.22734,-0.10000,0.50000,3.200000,2.60000
1993-04-01,3.00000,3.15638,3.01941,0.13697,-0.22734,2.36439,-0.05638,-0.15638,-0.23697,0.26303,-0.10000,0.00000,3.100000,3.00000
1993-05-01,2.90000,3.22119,3.15638,0.06481,0.13697,2.28849,-0.22119,-0.32119,-0.16481,-0.16481,-0.10000,0.00000,3.000000,2.90000
1993-06-01,3.50000,2.99786,3.22119,-0.22333,0.06481,2.49480,-0.09786,0.10214,0.12333,0.42333,0.60000,0.40000,2.900000,3.10000
1993-07-01,3.00000,2.84698,2.99786,-0.15088,-0.22333,2.69896,0.65302,-0.14698,0.75088,-0.24912,-0.50000,0.30000,3.500000,2.70000
1993-08-01,3.20000,2.84091,2.84698,-0.00607,-0.15088,2.90055,0.15909,-0.04091,-0.49393,0.10607,0.20000,0.40000,3.000000,2.80000
1993-09-01,3.00000,2.76400,2.84091,-0.07691,-0.00607,2.96552,0.43600,0.23600,0.27691,0.27691,-0.20000,0.00000,3.200000,3.00000
1993-10-01,3.30000,2.75229,2.76400,-0.01171,-0.07691,2.60989,0.24771,0.04771,-0.18829,-0.18829,0.30000,0.50000,3.000000,2.80000
1993-11-01,2.80000,2.74455,2.75229,-0.00774,-0.01171,2.60274,0.55545,0.15545,0.30774,0.10774,-0.50000,-0.10000,3.300000,2.90000
1993-12-01,3.00000,2.81096,2.74455,0.06641,-0.00774,2.59740,-0.01096,-0.01096,-0.56641,-0.16641,0.20000,0.20000,2.800000,2.80000
1994-01-01,2.80000,2.45098,2.81096,-0.35998,0.06641,2.87081,0.54902,0.44902,0.55998,0.45998,-0.20000,-0.10000,3.000000,2.90000
1994-02-01,2.80000,2.51572,2.45098,0.06474,-0.35998,2.86299,0.28428,0.68428,-0.26474,0.23526,0.00000,-0.40000,2.800000,3.20000
1994-03-01,3.00000,2.65178,2.51572,0.13606,0.06474,2.78722,0.14822,0.44822,-0.13606,-0.23606,0.20000,-0.10000,2.800000,3.10000
1994-04-01,3.00000,2.36439,2.65178,-0.28739,0.13606,3.12500,0.63561,0.63561,0.48739,0.18739,0.00000,0.00000,3.000000,3.00000
1994-05-01,3.10000,2.28849,2.36439,-0.07590,-0.28739,3.11864,0.71151,0.61151,0.07590,-0.02410,0.10000,0.20000,3.000000,2.90000
1994-06-01,2.70000,2.49480,2.28849,0.20631,-0.07590,3.04260,0.60520,1.00520,-0.10631,0.39369,-0.40000,-0.80000,3.100000,3.50000
1994-07-01,2.90000,2.69896,2.49480,0.20416,0.20631,2.83019,0.00104,0.30104,-0.60416,-0.70416,0.20000,-0.10000,2.700000,3.00000
1994-08-01,3.10000,2.90055,2.69896,0.20159,0.20416,2.61745,-0.00055,0.29945,-0.00159,-0.00159,0.20000,-0.10000,2.900000,3.20000
1994-09-01,3.40000,2.96552,2.90055,0.06497,0.20159,2.54521,0.13448,0.03448,0.13503,-0.26497,0.30000,0.40000,3.100000,3.00000
1994-10-01,3.00000,2.60989,2.96552,-0.35563,0.06497,2.74431,0.79011,0.69011,0.65563,0.65563,-0.40000,-0.30000,3.400000,3.30000
1994-11-01,3.20000,2.60274,2.60989,-0.00715,-0.35563,2.60347,0.39726,0.19726,-0.39285,-0.49285,0.20000,0.40000,3.000000,2.80000
1994-12-01,3.00000,2.59740,2.60274,-0.00534,-0.00715,2.53165,0.60260,0.40260,0.20534,0.20534,-0.20000,0.00000,3.200000,3.00000
1995-01-01,3.00000,2.87081,2.59740,0.27341,-0.00534,2.79070,0.12919,-0.07081,-0.47341,-0.47341,0.00000,0.20000,3.000000,2.80000
1995-02-01,3.00000,2.86299,2.87081,-0.00782,0.27341,2.71703,0.13701,-0.06299,0.00782,0.00782,0.00000,0.20000,3.000000,2.80000
1995-03-01,3.20000,2.78722,2.86299,-0.07577,-0.00782,2.84392,0.21278,0.21278,0.07577,0.27577,0.20000,0.20000,3.000000,3.00000
1995-04-01,3.30000,3.12500,2.78722,0.33778,-0.07577,2.83267,0.07500,-0.12500,-0.13778,-0.33778,0.10000,0.30000,3.200000,3.00000
1995-05-01,3.00000,3.11864,3.12500,-0.00636,0.33778,2.82709,0.18136,-0.01864,0.10636,0.10636,-0.30000,-0.10000,3.300000,3.10000
1995-06-01,2.90000,3.04260,3.11864,-0.07604,-0.00636,2.82152,-0.04260,-0.34260,-0.22396,-0.32396,-0.10000,0.20000,3.000000,2.70000
1995-07-01,2.90000,2.83019,3.04260,-0.21241,-0.07604,2.88336,0.06981,0.06981,0.11241,0.41241,0.00000,0.00000,2.900000,2.90000
1995-08-01,2.90000,2.61745,2.83019,-0.21274,-0.21241,2.81230,0.28255,0.48255,0.21274,0.41274,0.00000,-0.20000,2.900000,3.10000
1995-09-01,2.80000,2.54521,2.61745,-0.07224,-0.21274,3.00457,0.35479,0.85479,0.07224,0.37224,-0.10000,-0.60000,2.900000,3.40000
1995-10-01,2.90000,2.74431,2.54521,0.19910,-0.07224,3.06189,0.05569,0.25569,-0.29910,-0.59910,0.10000,-0.10000,2.800000,3.00000
1995-11-01,2.80000,2.60347,2.74431,-0.14084,0.19910,3.25309,0.29653,0.59653,0.24084,0.34084,-0.10000,-0.40000,2.900000,3.20000
1995-12-01,2.70000,2.53165,2.60347,-0.07182,-0.14084,3.37882,0.26835,0.46835,-0.02818,-0.12818,-0.10000,-0.30000,2.800000,3.00000
1996-01-01,2.80000,2.79070,2.53165,0.25905,-0.07182,3.03814,-0.09070,0.20930,-0.35905,-0.25905,0.10000,-0.20000,2.700000,3.00000
1996-02-01,2.80000,2.71703,2.79070,-0.07367,0.25905,3.03226,0.08297,0.28297,0.17367,0.07367,0.00000,-0.20000,2.800000,3.00000
1996-03-01,2.90000,2.84392,2.71703,0.12689,-0.07367,2.76527,-0.04392,0.35608,-0.12689,0.07311,0.10000,-0.30000,2.800000,3.20000
1996-04-01,3.00000,2.83267,2.84392,-0.01125,0.12689,2.43434,0.06733,0.46733,0.11125,0.11125,0.10000,-0.30000,2.900000,3.30000
1996-05-01,3.10000,2.82709,2.83267,-0.00558,-0.01125,2.23785,0.17291,0.17291,0.10558,-0.29442,0.10000,0.10000,3.000000,3.00000
1996-06-01,2.90000,2.82152,2.82709,-0.00557,-0.00558,2.23357,0.27848,0.07848,0.10557,-0.09443,-0.20000,0.00000,3.100000,2.90000
1996-07-01,3.00000,2.88336,2.82152,0.06184,-0.00557,2.16561,0.01664,0.01664,-0.26184,-0.06184,0.10000,0.10000,2.900000,2.90000
1996-08-01,3.10000,2.81230,2.88336,-0.07106,0.06184,2.29008,0.18770,0.08770,0.17106,0.07106,0.10000,0.20000,3.000000,2.90000
1996-09-01,3.20000,3.00457,2.81230,0.19227,-0.07106,2.21940,0.09543,-0.20457,-0.09227,-0.29227,0.10000,0.40000,3.100000,2.80000
1996-10-01,3.00000,3.06189,3.00457,0.05732,0.19227,2.08597,0.13811,-0.16189,0.04268,0.04268,-0.20000,0.10000,3.200000,2.90000
1996-11-01,3.00000,3.25309,3.06189,0.19120,0.05732,1.89036,-0.25309,-0.45309,-0.39120,-0.29120,0.00000,0.20000,3.000000,2.80000
1996-12-01,3.00000,3.37882,3.25309,0.12573,0.19120,1.69705,-0.37882,-0.67882,-0.12573,-0.22573,0.00000,0.30000,3.000000,2.70000
1997-01-01,3.00000,3.03814,3.37882,-0.34068,0.12573,1.63112,-0.03814,-0.23814,0.34068,0.44068,0.00000,0.20000,3.000000,2.80000
1997-02-01,3.00000,3.03226,3.03814,-0.00588,-0.34068,1.44020,-0.03226,-0.23226,0.00588,0.00588,0.00000,0.20000,3.000000,2.80000
1997-03-01,2.80000,2.76527,3.03226,-0.26699,-0.00588,1.37672,0.23473,0.13473,0.26699,0.36699,-0.20000,-0.10000,3.000000,2.90000
1997-04-01,3.00000,2.43434,2.76527,-0.33093,-0.26699,1.43840,0.36566,0.56566,0.13093,0.43093,0.20000,0.00000,2.800000,3.00000
1997-05-01,2.90000,2.23785,2.43434,-0.19649,-0.33093,1.68856,0.76215,0.86215,0.39649,0.29649,-0.10000,-0.20000,3.000000,3.10000
1997-06-01,2.80000,2.23357,2.23785,-0.00428,-0.19649,1.62297,0.66643,0.66643,-0.09572,-0.19572,-0.10000,-0.10000,2.900000,2.90000
1997-07-01,2.70000,2.16561,2.23357,-0.06796,-0.00428,1.74564,0.63439,0.83439,-0.03204,0.16796,-0.10000,-0.30000,2.800000,3.00000
1997-08-01,2.70000,2.29008,2.16561,0.12447,-0.06796,1.61692,0.40992,0.80992,-0.22447,-0.02447,0.00000,-0.40000,2.700000,3.10000
1997-09-01,2.80000,2.21940,2.29008,-0.07068,0.12447,1.42680,0.48060,0.98060,0.07068,0.17068,0.10000,-0.40000,2.700000,3.20000
1997-10-01,2.80000,2.08597,2.21940,-0.13343,-0.07068,1.48607,0.71403,0.91403,0.23343,-0.06657,0.00000,-0.20000,2.800000,3.00000
1997-11-01,2.90000,1.89036,2.08597,-0.19561,-0.13343,1.48423,0.90964,1.10964,0.19561,0.19561,0.10000,-0.10000,2.800000,3.00000
1997-12-01,2.80000,1.69705,1.89036,-0.19331,-0.19561,1.60692,1.20295,1.30295,0.29331,0.19331,-0.10000,-0.20000,2.900000,3.00000
1998-01-01,2.30000,1.63112,1.69705,-0.06593,-0.19331,1.66667,1.16888,1.36888,-0.03407,0.06593,-0.50000,-0.70000,2.800000,3.00000
1998-02-01,2.40000,1.44020,1.63112,-0.19092,-0.06593,1.66667,0.85980,1.55980,-0.30908,0.19092,0.10000,-0.60000,2.300000,3.00000
1998-03-01,2.50000,1.37672,1.44020,-0.06348,-0.19092,1.72840,1.02328,1.42328,0.16348,-0.13652,0.10000,-0.30000,2.400000,2.80000
1998-04-01,2.40000,1.43840,1.37672,0.06168,-0.06348,2.28113,1.06160,1.56160,0.03832,0.13832,-0.10000,-0.60000,2.500000,3.00000
1998-05-01,2.60000,1.68856,1.43840,0.25016,0.06168,2.09102,0.71144,1.21144,-0.35016,-0.35016,0.20000,-0.30000,2.400000,2.90000
1998-06-01,2.70000,1.62297,1.68856,-0.06559,0.25016,1.96560,0.97703,1.17703,0.26559,-0.03441,0.10000,-0.10000,2.600000,2.80000
1998-07-01,2.60000,1.74564,1.62297,0.12267,-0.06559,2.14461,0.95436,0.95436,-0.02267,-0.22267,-0.10000,-0.10000,2.700000,2.70000
1998-08-01,2.40000,1.61692,1.74564,-0.12872,0.12267,2.26438,0.98308,1.08308,0.02872,0.12872,-0.20000,-0.30000,2.600000,2.70000
1998-09-01,2.30000,1.42680,1.61692,-0.19012,-0.12872,2.62997,0.97320,1.37320,-0.00988,0.29012,-0.10000,-0.50000,2.400000,2.80000
1998-10-01,2.50000,1.48607,1.42680,0.05927,-0.19012,2.56254,0.81393,1.31393,-0.15927,-0.05927,0.20000,-0.30000,2.300000,2.80000
1998-11-01,2.30000,1.48423,1.48607,-0.00184,0.05927,2.62035,1.01577,1.41577,0.20184,0.10184,-0.20000,-0.60000,2.500000,2.90000
1998-12-01,2.50000,1.60692,1.48423,0.12269,-0.00184,2.67640,0.69308,1.19308,-0.32269,-0.22269,0.20000,-0.30000,2.300000,2.80000
1999-01-01,2.70000,1.66667,1.60692,0.05975,0.12269,2.79296,0.83333,0.63333,0.14025,-0.55975,0.20000,0.40000,2.500000,2.30000
1999-02-01,2.50000,1.66667,1.66667,0.00000,0.05975,3.21797,1.03333,0.73333,0.20000,0.10000,-0.20000,0.10000,2.700000,2.40000
1999-03-01,2.70000,1.72840,1.66667,0.06173,0.00000,3.76214,0.77160,0.77160,-0.26173,0.03827,0.20000,0.20000,2.500000,2.50000
1999-04-01,2.70000,2.28113,1.72840,0.55273,0.06173,3.01386,0.41887,0.11887,-0.35273,-0.65273,0.00000,0.30000,2.700000,2.40000
1999-05-01,2.80000,2.09102,2.28113,-0.19011,0.55273,3.13253,0.60898,0.50898,0.19011,0.39011,0.10000,0.20000,2.700000,2.60000
1999-06-01,2.50000,1.96560,2.09102,-0.12542,-0.19011,3.73494,0.83440,0.73440,0.22542,0.22542,-0.30000,-0.20000,2.800000,2.70000
1999-07-01,2.70000,2.14461,1.96560,0.17901,-0.12542,3.59928,0.35539,0.45539,-0.47901,-0.27901,0.20000,0.10000,2.500000,2.60000
1999-08-01,2.80000,2.26438,2.14461,0.11977,0.17901,3.35129,0.43562,0.13562,0.08023,-0.31977,0.10000,0.40000,2.700000,2.40000
1999-09-01,2.70000,2.62997,2.26438,0.36559,0.11977,3.45650,0.17003,-0.32997,-0.26559,-0.46559,-0.10000,0.40000,2.800000,2.30000
1999-10-01,2.90000,2.56254,2.62997,-0.06743,0.36559,3.45033,0.13746,-0.06254,-0.03257,0.26743,0.20000,0.40000,2.700000,2.50000
1999-11-01,2.90000,2.62035,2.56254,0.05781,-0.06743,3.44418,0.27965,-0.32035,0.14219,-0.25781,0.00000,0.60000,2.900000,2.30000
1999-12-01,3.00000,2.67640,2.62035,0.05605,0.05781,3.43602,0.22360,-0.17640,-0.05605,0.14395,0.10000,0.50000,2.900000,2.50000
2000-01-01,3.00000,2.79296,2.67640,0.11656,0.05605,3.72120,0.20704,-0.09296,-0.01656,0.08344,0.00000,0.30000,3.000000,2.70000
2000-02-01,2.90000,3.21797,2.79296,0.42501,0.11656,3.52941,-0.21797,-0.71797,-0.42501,-0.62501,-0.10000,0.40000,3.000000,2.50000
2000-03-01,3.20000,3.76214,3.21797,0.54417,0.42501,2.98246,-0.86214,-1.06214,-0.64417,-0.34417,0.30000,0.50000,2.900000,2.70000
2000-04-01,3.20000,3.01386,3.76214,-0.74828,0.54417,3.21826,0.18614,-0.31386,1.04828,0.74828,0.00000,0.50000,3.200000,2.70000
2000-05-01,3.00000,3.13253,3.01386,0.11867,-0.74828,3.56308,0.06747,-0.33253,-0.11867,-0.01867,-0.20000,0.20000,3.200000,2.80000
2000-06-01,2.90000,3.73494,3.13253,0.60241,0.11867,3.19396,-0.73494,-1.23494,-0.80241,-0.90241,-0.10000,0.40000,3.000000,2.50000
2000-07-01,3.00000,3.59928,3.73494,-0.13566,0.60241,2.72148,-0.69928,-0.89928,0.03566,0.33566,0.10000,0.30000,2.900000,2.70000
2000-08-01,2.70000,3.35129,3.59928,-0.24799,-0.13566,2.72148,-0.35129,-0.55129,0.34799,0.34799,-0.30000,-0.10000,3.000000,2.80000
2000-09-01,2.90000,3.45650,3.35129,0.10521,-0.24799,2.59217,-0.75650,-0.75650,-0.40521,-0.20521,0.20000,0.20000,2.700000,2.70000
2000-10-01,3.20000,3.45033,3.45650,-0.00617,0.10521,2.12766,-0.55033,-0.55033,0.20617,0.20617,0.30000,0.30000,2.900000,2.90000
2000-11-01,2.90000,3.44418,3.45033,-0.00615,-0.00617,1.89437,-0.24418,-0.54418,0.30615,0.00615,-0.30000,0.00000,3.200000,2.90000
2000-12-01,2.80000,3.43602,3.44418,-0.00816,-0.00615,1.60367,-0.53602,-0.43602,-0.29184,0.10816,-0.10000,-0.20000,2.900000,3.00000
2001-01-01,3.00000,3.72120,3.43602,0.28518,-0.00816,1.19590,-0.92120,-0.72120,-0.38518,-0.28518,0.20000,0.00000,2.800000,3.00000
2001-02-01,2.80000,3.52941,3.72120,-0.19179,0.28518,1.13636,-0.52941,-0.62941,0.39179,0.09179,-0.20000,-0.10000,3.000000,2.90000
2001-03-01,2.80000,2.98246,3.52941,-0.54695,-0.19179,1.36286,-0.18246,0.21754,0.34695,0.84695,0.00000,-0.40000,2.800000,3.20000
2001-04-01,3.10000,3.21826,2.98246,0.23580,-0.54695,1.64399,-0.41826,-0.01826,-0.23580,-0.23580,0.30000,-0.10000,2.800000,3.20000
2001-05-01,3.20000,3.56308,3.21826,0.34482,0.23580,1.24083,-0.46308,-0.56308,-0.04482,-0.54482,0.10000,0.20000,3.100000,3.00000
2001-06-01,3.00000,3.19396,3.56308,-0.36912,0.34482,1.06922,0.00604,-0.29396,0.46912,0.26912,-0.20000,0.10000,3.200000,2.90000
2001-07-01,2.60000,2.72148,3.19396,-0.47248,-0.36912,1.46561,0.27852,0.27852,0.27248,0.57248,-0.40000,-0.40000,3.000000,3.00000
2001-08-01,2.70000,2.72148,2.72148,0.00000,-0.47248,1.74746,-0.12148,-0.02148,-0.40000,-0.30000,0.10000,0.00000,2.600000,2.70000
2001-09-01,2.80000,2.59217,2.72148,-0.12931,0.00000,1.51600,0.10783,0.30783,0.22931,0.32931,0.10000,-0.10000,2.700000,2.90000
2001-10-01,1.00000,2.12766,2.59217,-0.46451,-0.12931,2.02703,0.67234,1.07234,0.56451,0.76451,-1.80000,-2.20000,2.800000,3.20000
2001-11-01,0.40000,1.89437,2.12766,-0.23329,-0.46451,2.25352,-0.89437,1.00563,-1.56671,-0.06671,-0.60000,-2.50000,1.000000,2.90000
2001-12-01,1.80000,1.60367,1.89437,-0.29070,-0.23329,2.48027,-1.20367,1.19633,-0.30930,0.19070,1.40000,-1.00000,0.400000,2.80000
2002-01-01,1.90000,1.19590,1.60367,-0.40777,-0.29070,2.75746,0.60410,1.80410,1.80777,0.60777,0.10000,-1.10000,1.800000,3.00000
2002-02-01,2.10000,1.13636,1.19590,-0.05954,-0.40777,3.14607,0.76364,1.66364,0.15954,-0.14046,0.20000,-0.70000,1.900000,2.80000
2002-03-01,2.70000,1.36286,1.13636,0.22650,-0.05954,3.02521,0.73714,1.43714,-0.02650,-0.22650,0.60000,-0.10000,2.100000,2.80000
2002-04-01,2.80000,1.64399,1.36286,0.28113,0.22650,2.17513,1.05601,1.45601,0.31887,0.01887,0.10000,-0.30000,2.700000,3.10000
2002-05-01,2.70000,1.24083,1.64399,-0.40316,0.28113,1.89415,1.55917,1.95917,0.50316,0.50316,-0.10000,-0.50000,2.800000,3.20000
2002-06-01,2.70000,1.06922,1.24083,-0.17161,-0.40316,1.94878,1.63078,1.93078,0.07161,-0.02839,0.00000,-0.30000,2.700000,3.00000
2002-07-01,2.60000,1.46561,1.06922,0.39639,-0.17161,2.05556,1.23439,1.13439,-0.39639,-0.79639,-0.10000,0.00000,2.700000,2.60000
2002-08-01,2.60000,1.74746,1.46561,0.28185,0.39639,2.21607,0.85254,0.95254,-0.38185,-0.18185,0.00000,-0.10000,2.600000,2.70000
2002-09-01,2.50000,1.51600,1.74746,-0.23146,0.28185,2.37832,1.08400,1.28400,0.23146,0.33146,-0.10000,-0.30000,2.600000,2.80000
2002-10-01,2.50000,2.02703,1.51600,0.51103,-0.23146,2.04194,0.47297,-1.02703,-0.61103,-2.31103,0.00000,1.50000,2.500000,1.00000
2002-11-01,2.40000,2.25352,2.02703,0.22649,0.51103,1.92837,0.24648,-1.85352,-0.22649,-0.82649,-0.10000,2.00000,2.500000,0.40000
2002-12-01,2.50000,2.48027,2.25352,0.22675,0.22649,2.03520,-0.08027,-0.68027,-0.32675,1.17325,0.10000,0.70000,2.400000,1.80000
2003-01-01,2.50000,2.75746,2.48027,0.27719,0.22675,2.02629,-0.25746,-0.85746,-0.17719,-0.17719,0.00000,0.60000,2.500000,1.90000
2003-02-01,2.70000,3.14607,2.75746,0.38861,0.27719,1.68845,-0.64607,-1.04607,-0.38861,-0.18861,0.20000,0.60000,2.500000,2.10000
2003-03-01,3.10000,3.02521,3.14607,-0.12086,0.38861,1.74008,-0.32521,-0.32521,0.32086,0.72086,0.40000,0.40000,2.700000,2.70000
2003-04-01,2.40000,2.17513,3.02521,-0.85008,-0.12086,2.29258,0.92487,0.62487,1.25008,0.95008,-0.70000,-0.40000,3.100000,2.80000
2003-05-01,2.00000,1.89415,2.17513,-0.28098,-0.85008,2.89776,0.50585,0.80585,-0.41902,0.18098,-0.40000,-0.70000,2.400000,2.70000
2003-06-01,2.10000,1.94878,1.89415,0.05463,-0.28098,3.16767,0.05122,0.75122,-0.45463,-0.05463,0.10000,-0.60000,2.000000,2.70000
2003-07-01,1.70000,2.05556,1.94878,0.10678,0.05463,2.93958,0.04444,0.54444,-0.00678,-0.20678,-0.40000,-0.90000,2.100000,2.60000
2003-08-01,2.50000,2.21607,2.05556,0.16051,0.10678,2.54743,-0.51607,0.38393,-0.56051,-0.16051,0.80000,-0.10000,1.700000,2.60000
2003-09-01,2.80000,2.37832,2.21607,0.16225,0.16051,2.53917,0.12168,0.12168,0.63775,-0.26225,0.30000,0.30000,2.500000,2.50000
2003-10-01,2.60000,2.04194,2.37832,-0.33638,0.16225,3.19091,0.75806,0.45806,0.63638,0.33638,-0.20000,0.10000,2.800000,2.50000
2003-11-01,2.70000,1.92837,2.04194,-0.11357,-0.33638,3.62162,0.67163,0.47163,-0.08643,0.01357,0.10000,0.30000,2.600000,2.40000
2003-12-01,2.60000,2.03520,1.92837,0.10683,-0.11357,3.34232,0.66480,0.46480,-0.00683,-0.00683,-0.10000,0.10000,2.700000,2.50000
2004-01-01,2.70000,2.02629,2.03520,-0.00891,0.10683,2.84487,0.57371,0.47371,-0.09109,0.00891,0.10000,0.20000,2.600000,2.50000
2004-02-01,2.60000,1.68845,2.02629,-0.33784,-0.00891,3.05303,1.01155,1.01155,0.43784,0.53784,-0.10000,-0.10000,2.700000,2.70000
2004-03-01,2.90000,1.74008,1.68845,0.05163,-0.33784,3.20684,0.85992,1.35992,-0.15163,0.34837,0.30000,-0.20000,2.600000,3.10000
2004-04-01,3.20000,2.29258,1.74008,0.55250,0.05163,3.36179,0.60742,0.10742,-0.25250,-1.25250,0.30000,0.80000,2.900000,2.40000
2004-05-01,3.30000,2.89776,2.29258,0.60518,0.55250,2.86929,0.30224,-0.89776,-0.30518,-1.00518,0.10000,1.30000,3.200000,2.00000
2004-06-01,3.30000,3.16767,2.89776,0.26991,0.60518,2.54103,0.13233,-1.06767,-0.16991,-0.16991,0.00000,1.20000,3.300000,2.10000
2004-07-01,3.00000,2.93958,3.16767,-0.22809,0.26991,3.06716,0.36042,-1.23958,0.22809,-0.17191,-0.30000,1.30000,3.300000,1.70000
2004-08-01,2.80000,2.54743,2.93958,-0.39215,-0.22809,3.64693,0.45257,-0.04743,0.09215,1.19215,-0.20000,0.30000,3.000000,2.50000
2004-09-01,2.80000,2.53917,2.54743,-0.00826,-0.39215,4.74183,0.26083,0.26083,-0.19174,0.30826,0.00000,0.00000,2.800000,2.80000
2004-10-01,3.10000,3.19091,2.53917,0.65174,-0.00826,4.35010,-0.39091,-0.59091,-0.65174,-0.85174,0.30000,0.50000,2.800000,2.60000
2004-11-01,2.80000,3.62162,3.19091,0.43071,0.65174,3.33855,-0.52162,-0.92162,-0.13071,-0.33071,-0.30000,0.10000,3.100000,2.70000
2004-12-01,3.00000,3.34232,3.62162,-0.27930,0.43071,3.33855,-0.54232,-0.74232,-0.02070,0.17930,0.20000,0.40000,2.800000,2.60000
2005-01-01,2.90000,2.84487,3.34232,-0.49745,-0.27930,4.01879,0.15513,-0.14487,0.69745,0.59745,-0.10000,0.20000,3.000000,2.70000
2005-02-01,2.90000,3.05303,2.84487,0.20816,-0.49745,3.63825,-0.15303,-0.45303,-0.30816,-0.30816,0.00000,0.30000,2.900000,2.60000
2005-03-01,3.20000,3.20684,3.05303,0.15381,0.20816,3.41792,-0.30684,-0.30684,-0.15381,0.14619,0.30000,0.30000,2.900000,2.90000
2005-04-01,3.30000,3.36179,3.20684,0.15495,0.15381,3.61384,-0.16179,-0.16179,0.14505,0.14505,0.10000,0.10000,3.200000,3.20000
2005-05-01,3.20000,2.86929,3.36179,-0.49250,0.15495,3.97727,0.43071,0.43071,0.59250,0.59250,-0.10000,-0.10000,3.300000,3.30000
2005-06-01,3.20000,2.54103,2.86929,-0.32826,-0.49250,4.18172,0.65897,0.75897,0.22826,0.32826,0.00000,-0.10000,3.200000,3.30000
2005-07-01,3.00000,3.06716,2.54103,0.52613,-0.32826,4.10467,0.13284,-0.06716,-0.52613,-0.82613,-0.20000,0.00000,3.200000,3.00000
2005-08-01,3.10000,3.64693,3.06716,0.57977,0.52613,3.92657,-0.64693,-0.84693,-0.77977,-0.77977,0.10000,0.30000,3.000000,2.80000
2005-09-01,4.30000,4.74183,3.64693,1.09490,0.57977,2.01207,-1.64183,-1.94183,-0.99490,-1.09490,1.20000,1.50000,3.100000,2.80000
2005-10-01,4.60000,4.35010,4.74183,-0.39173,1.09490,1.40633,-0.05010,-1.25010,1.59173,0.69173,0.30000,1.50000,4.300000,3.10000
2005-11-01,3.30000,3.33855,4.35010,-1.01155,-0.39173,1.96870,1.26145,-0.53855,1.31155,0.71155,-1.30000,0.50000,4.600000,2.80000
2005-12-01,3.10000,3.33855,3.33855,0.00000,-1.01155,2.52398,-0.03855,-0.33855,-1.30000,0.20000,-0.20000,0.10000,3.300000,3.00000
2006-01-01,3.00000,4.01879,3.33855,0.68024,0.00000,2.07577,-0.91879,-1.11879,-0.88024,-0.78024,-0.10000,0.10000,3.100000,2.90000
2006-02-01,3.00000,3.63825,4.01879,-0.38054,0.68024,2.42026,-0.63825,-0.73825,0.28054,0.38054,0.00000,0.10000,3.000000,2.90000
2006-03-01,3.00000,3.41792,3.63825,-0.22033,-0.38054,2.79820,-0.41792,-0.21792,0.22033,0.52033,0.00000,-0.20000,3.000000,3.20000
2006-04-01,3.30000,3.61384,3.41792,0.19592,-0.22033,2.59292,-0.61384,-0.31384,-0.19592,-0.09592,0.30000,0.00000,3.000000,3.30000
2006-05-01,4.00000,3.97727,3.61384,0.36343,0.19592,2.70989,-0.67727,-0.77727,-0.06343,-0.46343,0.70000,0.80000,3.300000,3.20000
2006-06-01,3.30000,4.18172,3.97727,0.20445,0.36343,2.69277,-0.18172,-0.98172,0.49555,-0.20445,-0.70000,0.10000,4.000000,3.20000
2006-07-01,3.20000,4.10467,4.18172,-0.07705,0.20445,2.31789,-0.80467,-1.10467,-0.62295,-0.12295,-0.10000,0.20000,3.300000,3.00000
2006-08-01,3.80000,3.92657,4.10467,-0.17810,-0.07705,1.89745,-0.72657,-0.82657,0.07810,0.27810,0.60000,0.70000,3.200000,3.10000
2006-09-01,3.10000,2.01207,3.92657,-1.91450,-0.17810,2.83383,1.78793,2.28793,2.51450,3.11450,-0.70000,-1.20000,3.800000,4.30000
2006-10-01,3.10000,1.40633,2.01207,-0.60574,-1.91450,3.61070,1.69367,3.19367,-0.09426,0.90574,0.00000,-1.50000,3.100000,4.60000
2006-11-01,3.00000,1.96870,1.40633,0.56237,-0.60574,4.37327,1.13130,1.33130,-0.56237,-1.86237,-0.10000,-0.30000,3.100000,3.30000
2006-12-01,2.90000,2.52398,1.96870,0.55528,0.56237,4.10881,0.47602,0.57602,-0.65528,-0.75528,-0.10000,-0.20000,3.000000,3.10000
2007-01-01,3.00000,2.07577,2.52398,-0.44821,0.55528,4.29470,0.82423,0.92423,0.34821,0.34821,0.10000,0.00000,2.900000,3.00000
2007-02-01,3.00000,2.42026,2.07577,0.34449,-0.44821,4.14296,0.57974,0.57974,-0.24449,-0.34449,0.00000,0.00000,3.000000,3.00000
2007-03-01,3.00000,2.79820,2.42026,0.37794,0.34449,3.97490,0.20180,0.20180,-0.37794,-0.37794,0.00000,0.00000,3.000000,3.00000
2007-04-01,3.30000,2.59292,2.79820,-0.20528,0.37794,3.90376,0.40708,0.70708,0.20528,0.50528,0.30000,0.00000,3.000000,3.30000
2007-05-01,3.30000,2.70989,2.59292,0.11697,-0.20528,4.08841,0.59011,1.29011,0.18303,0.58303,0.00000,-0.70000,3.300000,4.00000
2007-06-01,3.40000,2.69277,2.70989,-0.01712,0.11697,4.93597,0.60723,0.60723,0.01712,-0.68288,0.10000,0.10000,3.300000,3.30000
2007-07-01,3.40000,2.31789,2.69277,-0.37488,-0.01712,5.49751,1.08211,0.88211,0.47488,0.27488,0.00000,0.20000,3.400000,3.20000
2007-08-01,3.20000,1.89745,2.31789,-0.42044,-0.37488,5.30802,1.50255,1.90255,0.42044,1.02044,-0.20000,-0.60000,3.400000,3.80000
2007-09-01,3.10000,2.83383,1.89745,0.93638,-0.42044,4.95332,0.36617,0.26617,-1.13638,-1.63638,-0.10000,0.00000,3.200000,3.10000
2007-10-01,3.10000,3.61070,2.83383,0.77687,0.93638,3.73106,-0.51070,-0.51070,-0.87687,-0.77687,0.00000,0.00000,3.100000,3.10000
2007-11-01,3.40000,4.37327,3.61070,0.76257,0.77687,1.09992,-1.27327,-1.37327,-0.76257,-0.86257,0.30000,0.40000,3.100000,3.00000
2007-12-01,3.40000,4.10881,4.37327,-0.26446,0.76257,-0.02223,-0.70881,-1.20881,0.56446,0.16446,0.00000,0.50000,3.400000,2.90000
2008-01-01,3.40000,4.29470,4.10881,0.18589,-0.26446,-0.11359,-0.89470,-1.29470,-0.18589,-0.08589,0.00000,0.40000,3.400000,3.00000
2008-02-01,3.60000,4.14296,4.29470,-0.15174,0.18589,0.00846,-0.74296,-1.14296,0.15174,0.15174,0.20000,0.60000,3.400000,3.00000
2008-03-01,4.30000,3.97490,4.14296,-0.16806,-0.15174,-0.44648,-0.37490,-0.97490,0.36806,0.16806,0.70000,1.30000,3.600000,3.00000
2008-04-01,4.80000,3.90376,3.97490,-0.07114,-0.16806,-0.57632,0.39624,-0.60376,0.77114,0.37114,0.50000,1.50000,4.300000,3.30000
2008-05-01,5.20000,4.08841,3.90376,0.18465,-0.07114,-1.01576,0.71159,-0.78841,0.31535,-0.18465,0.40000,1.90000,4.800000,3.30000
2008-06-01,5.10000,4.93597,4.08841,0.84756,0.18465,-1.22917,0.26403,-1.53597,-0.44756,-0.74756,-0.10000,1.70000,5.200000,3.40000
2008-07-01,5.10000,5.49751,4.93597,0.56154,0.84756,-1.95876,-0.39751,-2.09751,-0.66154,-0.56154,0.00000,1.70000,5.100000,3.40000
2008-08-01,4.80000,5.30802,5.49751,-0.18949,0.56154,-1.48384,-0.20802,-2.10802,0.18949,-0.01051,-0.30000,1.60000,5.100000,3.20000
2008-09-01,4.30000,4.95332,5.30802,-0.35470,-0.18949,-1.37794,-0.15332,-1.85332,0.05470,0.25470,-0.50000,1.20000,4.800000,3.10000
2008-10-01,3.90000,3.73106,4.95332,-1.22226,-0.35470,-0.22397,0.56894,-0.63106,0.72226,1.22226,-0.40000,0.80000,4.300000,3.10000
2008-11-01,2.90000,1.09992,3.73106,-2.63114,-1.22226,1.91459,2.80008,2.30008,2.23114,2.93114,-1.00000,-0.50000,3.900000,3.40000
2008-12-01,1.70000,-0.02223,1.09992,-1.12215,-2.63114,2.81412,2.92223,3.42223,0.12215,1.12215,-1.20000,-1.70000,2.900000,3.40000
2009-01-01,2.20000,-0.11359,-0.02223,-0.09136,-1.12215,2.62111,1.81359,3.51359,-1.10864,0.09136,0.50000,-1.20000,1.700000,3.40000
2009-02-01,1.90000,0.00846,-0.11359,0.12205,-0.09136,2.15134,2.19154,3.59154,0.37795,0.07795,-0.30000,-1.70000,2.200000,3.60000
2009-03-01,2.00000,-0.44648,0.00846,-0.45494,0.12205,2.28617,2.34648,4.74648,0.15494,1.15494,0.10000,-2.30000,1.900000,4.30000
2009-04-01,2.80000,-0.57632,-0.44648,-0.12984,-0.45494,2.20677,2.57632,5.37632,0.22984,0.62984,0.80000,-2.00000,2.000000,4.80000
2009-05-01,2.80000,-1.01576,-0.57632,-0.43944,-0.12984,2.00355,3.81576,6.21576,1.23944,0.83944,0.00000,-2.40000,2.800000,5.20000
2009-06-01,3.10000,-1.22917,-1.01576,-0.21341,-0.43944,1.12156,4.02917,6.32917,0.21341,0.11341,0.30000,-2.00000,2.800000,5.10000
2009-07-01,2.90000,-1.95876,-1.22917,-0.72959,-0.21341,1.34078,5.05876,7.05876,1.02959,0.72959,-0.20000,-2.20000,3.100000,5.10000
2009-08-01,2.80000,-1.48384,-1.95876,0.47492,-0.72959,1.15018,4.38384,6.28384,-0.67492,-0.77492,-0.10000,-2.00000,2.900000,4.80000
2009-09-01,2.20000,-1.37794,-1.48384,0.10590,0.47492,1.11831,4.17794,5.67794,-0.20590,-0.60590,-0.60000,-2.10000,2.800000,4.30000
2009-10-01,2.90000,-0.22397,-1.37794,1.15397,0.10590,1.16670,2.42397,4.12397,-1.75397,-1.55397,0.70000,-1.00000,2.200000,3.90000
2009-11-01,2.70000,1.91459,-0.22397,2.13856,1.15397,1.08454,0.98541,0.98541,-1.43856,-3.13856,-0.20000,-0.20000,2.900000,2.90000
2009-12-01,2.50000,2.81412,1.91459,0.89953,2.13856,1.43779,-0.11412,-1.11412,-1.09953,-2.09953,-0.20000,0.80000,2.700000,1.70000
2010-01-01,2.80000,2.62111,2.81412,-0.19301,0.89953,1.70078,-0.12111,-0.42111,-0.00699,0.69301,0.30000,0.60000,2.500000,2.20000
2010-02-01,2.70000,2.15134,2.62111,-0.46977,-0.19301,2.12490,0.64866,-0.25134,0.76977,0.16977,-0.10000,0.80000,2.800000,1.90000
2010-03-01,2.70000,2.28617,2.15134,0.13483,-0.46977,2.61924,0.41383,-0.28617,-0.23483,-0.03483,0.00000,0.70000,2.700000,2.00000
2010-04-01,2.90000,2.20677,2.28617,-0.07940,0.13483,3.07723,0.49323,0.59323,0.07940,0.87940,0.20000,0.10000,2.700000,2.80000
2010-05-01,3.20000,2.00355,2.20677,-0.20322,-0.07940,3.45897,0.89645,0.79645,0.40322,0.20322,0.30000,0.40000,2.900000,2.80000
2010-06-01,2.80000,1.12156,2.00355,-0.88199,-0.20322,3.50232,2.07844,1.97844,1.18199,1.18199,-0.40000,-0.30000,3.200000,3.10000
2010-07-01,2.70000,1.34078,1.12156,0.21922,-0.88199,3.57988,1.45922,1.55922,-0.61922,-0.41922,-0.10000,-0.20000,2.800000,2.90000
2010-08-01,2.70000,1.15018,1.34078,-0.19060,0.21922,3.75500,1.54982,1.64982,0.09060,0.09060,0.00000,-0.10000,2.700000,2.80000
2010-09-01,2.20000,1.11831,1.15018,-0.03187,-0.19060,3.81262,1.58169,1.08169,0.03187,-0.56813,-0.50000,0.00000,2.700000,2.20000
2010-10-01,2.70000,1.16670,1.11831,0.04839,-0.03187,3.52227,1.03330,1.73330,-0.54839,0.65161,0.50000,-0.20000,2.200000,2.90000
2010-11-01,3.00000,1.08454,1.16670,-0.08216,0.04839,3.45143,1.61546,1.61546,0.58216,-0.11784,0.30000,0.30000,2.700000,2.70000
2010-12-01,3.00000,1.43779,1.08454,0.35325,-0.08216,3.06207,1.56221,1.06221,-0.05325,-0.55325,0.00000,0.50000,3.000000,2.50000
2011-01-01,3.40000,1.70078,1.43779,0.26299,0.35325,3.00877,1.29922,1.09922,-0.26299,0.03701,0.40000,0.60000,3.000000,2.80000
2011-02-01,3.40000,2.12490,1.70078,0.42412,0.26299,2.89818,1.27510,0.57510,-0.02412,-0.52412,0.00000,0.70000,3.400000,2.70000
2011-03-01,4.60000,2.61924,2.12490,0.49434,0.42412,2.58288,0.78076,0.08076,-0.49434,-0.49434,1.20000,1.90000,3.400000,2.70000
2011-04-01,4.60000,3.07723,2.61924,0.45799,0.49434,2.27316,1.52277,-0.17723,0.74201,-0.25799,0.00000,1.70000,4.600000,2.90000
2011-05-01,4.10000,3.45897,3.07723,0.38174,0.45799,1.73794,1.14103,-0.25897,-0.38174,-0.08174,-0.50000,0.90000,4.600000,3.20000
2011-06-01,3.80000,3.50232,3.45897,0.04335,0.38174,1.65387,0.59768,-0.70232,-0.54335,-0.44335,-0.30000,1.00000,4.100000,2.80000
2011-07-01,3.40000,3.57988,3.50232,0.07756,0.04335,1.41751,0.22012,-0.87988,-0.37756,-0.17756,-0.40000,0.70000,3.800000,2.70000
2011-08-01,3.50000,3.75500,3.57988,0.17512,0.07756,1.68593,-0.35500,-1.05500,-0.57512,-0.17512,0.10000,0.80000,3.400000,2.70000
2011-09-01,3.30000,3.81262,3.75500,0.05762,0.17512,1.94972,-0.31262,-1.61262,0.04238,-0.55762,-0.20000,1.10000,3.500000,2.20000
2011-10-01,3.20000,3.52227,3.81262,-0.29035,0.05762,2.15568,-0.22227,-0.82227,0.09035,0.79035,-0.10000,0.50000,3.300000,2.70000
2011-11-01,3.20000,3.45143,3.52227,-0.07084,-0.29035,1.79602,-0.25143,-0.45143,-0.02916,0.37084,0.00000,0.20000,3.200000,3.00000
2011-12-01,3.10000,3.06207,3.45143,-0.38936,-0.07084,1.75950,0.13793,-0.06207,0.38936,0.38936,-0.10000,0.10000,3.200000,3.00000
2012-01-01,3.30000,3.00877,3.06207,-0.05330,-0.38936,1.68406,0.09123,0.39123,-0.04670,0.45330,0.20000,-0.10000,3.100000,3.40000
2012-02-01,3.30000,2.89818,3.00877,-0.11059,-0.05330,2.01814,0.40182,0.50182,0.31059,0.11059,0.00000,-0.10000,3.300000,3.40000
2012-03-01,3.90000,2.58288,2.89818,-0.31530,-0.11059,1.51875,0.71712,2.01712,0.31530,1.51530,0.60000,-0.70000,3.300000,4.60000
2012-04-01,3.20000,2.27316,2.58288,-0.30972,-0.31530,1.13881,1.62684,2.32684,0.90972,0.30972,-0.70000,-1.40000,3.900000,4.60000
2012-05-01,3.00000,1.73794,2.27316,-0.53522,-0.30972,1.39039,1.46206,2.36206,-0.16478,0.03522,-0.20000,-1.10000,3.200000,4.10000
2012-06-01,3.10000,1.65387,1.73794,-0.08407,-0.53522,1.71579,1.34613,2.14613,-0.11593,-0.21593,0.10000,-0.70000,3.000000,3.80000
2012-07-01,3.00000,1.41751,1.65387,-0.23636,-0.08407,1.88547,1.68249,1.98249,0.33636,-0.16364,-0.10000,-0.40000,3.100000,3.40000
2012-08-01,3.60000,1.68593,1.41751,0.26842,-0.23636,1.53881,1.31407,1.81407,-0.36842,-0.16842,0.60000,0.10000,3.000000,3.50000
2012-09-01,3.30000,1.94972,1.68593,0.26379,0.26842,1.09473,1.65028,1.35028,0.33621,-0.46379,-0.30000,0.00000,3.600000,3.30000
2012-10-01,3.10000,2.15568,1.94972,0.20596,0.26379,0.87680,1.14432,1.04432,-0.50596,-0.30596,-0.20000,-0.10000,3.300000,3.20000
2012-11-01,3.10000,1.79602,2.15568,-0.35966,0.20596,1.23287,1.30398,1.40398,0.15966,0.35966,0.00000,-0.10000,3.100000,3.20000
2012-12-01,3.20000,1.75950,1.79602,-0.03652,-0.35966,1.51284,1.34050,1.34050,0.03652,-0.06348,0.10000,0.10000,3.100000,3.10000
2013-01-01,3.30000,1.68406,1.75950,-0.07544,-0.03652,1.55776,1.51594,1.61594,0.17544,0.27544,0.10000,0.00000,3.200000,3.30000
2013-02-01,3.30000,2.01814,1.68406,0.33408,-0.07544,1.12047,1.28186,1.28186,-0.23408,-0.33408,0.00000,0.00000,3.300000,3.30000
2013-03-01,3.20000,1.51875,2.01814,-0.49939,0.33408,1.61269,1.78125,2.38125,0.49939,1.09939,-0.10000,-0.70000,3.300000,3.90000
2013-04-01,3.10000,1.13881,1.51875,-0.37994,-0.49939,2.01513,2.06119,2.06119,0.27994,-0.32006,-0.10000,-0.10000,3.200000,3.20000
2013-05-01,3.10000,1.39039,1.13881,0.25158,-0.37994,2.16695,1.70961,1.60961,-0.35158,-0.45158,0.00000,0.10000,3.100000,3.00000
2013-06-01,3.00000,1.71579,1.39039,0.32540,0.25158,2.05898,1.38421,1.38421,-0.32540,-0.22540,-0.10000,-0.10000,3.100000,3.10000
2013-07-01,3.10000,1.88547,1.71579,0.16968,0.32540,1.97424,1.11453,1.11453,-0.26968,-0.26968,0.10000,0.10000,3.000000,3.00000
2013-08-01,3.00000,1.53881,1.88547,-0.34666,0.16968,1.71510,1.56119,2.06119,0.44666,0.94666,-0.10000,-0.60000,3.100000,3.60000
2013-09-01,3.30000,1.09473,1.53881,-0.44408,-0.34666,1.68405,1.90527,2.20527,0.34408,0.14408,0.30000,0.00000,3.000000,3.30000
2013-10-01,3.00000,0.87680,1.09473,-0.21793,-0.44408,1.60954,2.42320,2.22320,0.51793,0.01793,-0.30000,-0.10000,3.300000,3.10000
2013-11-01,2.90000,1.23287,0.87680,0.35607,-0.21793,1.23152,1.76713,1.86713,-0.65607,-0.35607,-0.10000,-0.20000,3.000000,3.10000
2013-12-01,3.00000,1.51284,1.23287,0.27997,0.35607,0.65312,1.38716,1.68716,-0.37997,-0.17997,0.10000,-0.20000,2.900000,3.20000
2014-01-01,3.10000,1.55776,1.51284,0.04492,0.27997,-0.22993,1.44224,1.74224,0.05508,0.05508,0.10000,-0.20000,3.000000,3.30000
2014-02-01,3.20000,1.12047,1.55776,-0.43729,0.04492,-0.08703,1.97953,2.17953,0.53729,0.43729,0.10000,-0.10000,3.100000,3.30000
2014-03-01,3.20000,1.61269,1.12047,0.49222,-0.43729,-0.02203,1.58731,1.58731,-0.39222,-0.59222,0.00000,0.00000,3.200000,3.20000
2014-04-01,3.20000,2.01513,1.61269,0.40244,0.49222,-0.10403,1.18487,1.08487,-0.40244,-0.50244,0.00000,0.10000,3.200000,3.10000
2014-05-01,3.30000,2.16695,2.01513,0.15182,0.40244,0.03503,1.03305,0.93305,-0.15182,-0.15182,0.10000,0.20000,3.200000,3.10000
2014-06-01,3.10000,2.05898,2.16695,-0.10797,0.15182,0.17957,1.24102,0.94102,0.20797,0.00797,-0.20000,0.10000,3.300000,3.00000
2014-07-01,3.30000,1.97424,2.05898,-0.08474,-0.10797,0.22569,1.12576,1.12576,-0.11526,0.18474,0.20000,0.20000,3.100000,3.10000
2014-08-01,3.20000,1.71510,1.97424,-0.25914,-0.08474,0.24130,1.58490,1.28490,0.45914,0.15914,-0.10000,0.20000,3.300000,3.00000
2014-09-01,3.00000,1.68405,1.71510,-0.03105,-0.25914,0.00884,1.51595,1.61595,-0.06895,0.33105,-0.20000,-0.30000,3.200000,3.30000
2014-10-01,2.90000,1.60954,1.68405,-0.07451,-0.03105,0.12762,1.39046,1.39046,-0.12549,-0.22549,-0.10000,-0.10000,3.000000,3.00000
2014-11-01,2.80000,1.23152,1.60954,-0.37802,-0.07451,0.43632,1.66848,1.66848,0.27802,0.27802,-0.10000,-0.10000,2.900000,2.90000
2014-12-01,2.80000,0.65312,1.23152,-0.57840,-0.37802,0.63872,2.14688,2.34688,0.47840,0.67840,0.00000,-0.20000,2.800000,3.00000
2015-01-01,2.50000,-0.22993,0.65312,-0.88305,-0.57840,1.23750,3.02993,3.32993,0.88305,0.98305,-0.30000,-0.60000,2.800000,3.10000
2015-02-01,2.80000,-0.08703,-0.22993,0.14290,-0.88305,0.84728,2.58703,3.28703,-0.44290,-0.04290,0.30000,-0.40000,2.500000,3.20000
2015-03-01,3.00000,-0.02203,-0.08703,0.06500,0.14290,0.89162,2.82203,3.22203,0.23500,-0.06500,0.20000,-0.20000,2.800000,3.20000
2015-04-01,2.60000,-0.10403,-0.02203,-0.08200,0.06500,1.17263,3.10403,3.30403,0.28200,0.08200,-0.40000,-0.60000,3.000000,3.20000
2015-05-01,2.80000,0.03503,-0.10403,0.13906,-0.08200,1.07848,2.56497,3.26497,-0.53906,-0.03906,0.20000,-0.50000,2.600000,3.30000
2015-06-01,2.70000,0.17957,0.03503,0.14454,0.13906,1.07929,2.62043,2.92043,0.05546,-0.34454,-0.10000,-0.40000,2.800000,3.10000
2015-07-01,2.80000,0.22569,0.17957,0.04612,0.14454,0.86836,2.47431,3.07431,-0.14612,0.15388,0.10000,-0.50000,2.700000,3.30000
2015-08-01,2.80000,0.24130,0.22569,0.01561,0.04612,1.05532,2.55870,2.95870,0.08439,-0.11561,0.00000,-0.40000,2.800000,3.20000
2015-09-01,2.80000,0.00884,0.24130,-0.23246,0.01561,1.54864,2.79116,2.99116,0.23246,0.03246,0.00000,-0.20000,2.800000,3.00000
2015-10-01,2.70000,0.12762,0.00884,0.11878,-0.23246,1.68592,2.67238,2.77238,-0.11878,-0.21878,-0.10000,-0.20000,2.800000,2.90000
2015-11-01,2.70000,0.43632,0.12762,0.30870,0.11878,1.68433,2.26368,2.36368,-0.40870,-0.40870,0.00000,-0.10000,2.700000,2.80000
2015-12-01,2.60000,0.63872,0.43632,0.20240,0.30870,2.05080,2.06128,2.16128,-0.20240,-0.20240,-0.10000,-0.20000,2.700000,2.80000
2016-01-01,2.50000,1.23750,0.63872,0.59878,0.20240,2.51039,1.36250,1.26250,-0.69878,-0.89878,-0.10000,0.00000,2.600000,2.50000
2016-02-01,2.50000,0.84728,1.23750,-0.39022,0.59878,2.81036,1.65272,1.95272,0.29022,0.69022,0.00000,-0.30000,2.500000,2.80000
2016-03-01,2.70000,0.89162,0.84728,0.04434,-0.39022,2.44120,1.60838,2.10838,-0.04434,0.15566,0.20000,-0.30000,2.500000,3.00000
2016-04-01,2.80000,1.17263,0.89162,0.28101,0.04434,2.17622,1.52737,1.42737,-0.08101,-0.68101,0.10000,0.20000,2.700000,2.60000
2016-05-01,2.40000,1.07848,1.17263,-0.09415,0.28101,1.85634,1.72152,1.72152,0.19415,0.29415,-0.40000,-0.40000,2.800000,2.80000
2016-06-01,2.60000,1.07929,1.07848,0.00081,-0.09415,1.64057,1.32071,1.62071,-0.40081,-0.10081,0.20000,-0.10000,2.400000,2.70000
2016-07-01,2.70000,0.86836,1.07929,-0.21093,0.00081,1.72511,1.73164,1.93164,0.41093,0.31093,0.10000,-0.10000,2.600000,2.80000
2016-08-01,2.50000,1.05532,0.86836,0.18696,-0.21093,1.92812,1.64468,1.74468,-0.08696,-0.18696,-0.20000,-0.30000,2.700000,2.80000
2016-09-01,2.40000,1.54864,1.05532,0.49332,0.18696,2.18057,0.95136,1.25136,-0.69332,-0.49332,-0.10000,-0.40000,2.500000,2.80000
2016-10-01,2.40000,1.68592,1.54864,0.13728,0.49332,2.02076,0.71408,1.01408,-0.23728,-0.23728,0.00000,-0.30000,2.400000,2.70000
2016-11-01,2.40000,1.68433,1.68592,-0.00159,0.13728,2.17249,0.71567,1.01567,0.00159,0.00159,0.00000,-0.30000,2.400000,2.70000
2016-12-01,2.20000,2.05080,1.68433,0.36647,-0.00159,2.12993,0.34920,0.54920,-0.36647,-0.46647,-0.20000,-0.40000,2.400000,2.60000
2017-01-01,2.60000,2.51039,2.05080,0.45959,0.36647,2.15132,-0.31039,-0.01039,-0.65959,-0.55959,0.40000,0.10000,2.200000,2.50000
2017-02-01,2.70000,2.81036,2.51039,0.29997,0.45959,2.26347,-0.21036,-0.31036,0.10003,-0.29997,0.10000,0.20000,2.600000,2.50000
2017-03-01,2.50000,2.44120,2.81036,-0.36916,0.29997,2.33095,0.25880,0.25880,0.46916,0.56916,-0.20000,-0.20000,2.700000,2.70000
2017-04-01,2.50000,2.17622,2.44120,-0.26498,-0.36916,2.47100,0.32378,0.62378,0.06498,0.36498,0.00000,-0.30000,2.500000,2.80000
2017-05-01,2.60000,1.85634,2.17622,-0.31988,-0.26498,2.78192,0.64366,0.54366,0.31988,-0.08012,0.10000,0.20000,2.500000,2.40000
2017-06-01,2.60000,1.64057,1.85634,-0.21577,-0.31988,2.80755,0.95943,0.95943,0.31577,0.41577,0.00000,0.00000,2.600000,2.60000
2017-07-01,2.60000,1.72511,1.64057,0.08454,-0.21577,2.85412,0.87489,0.97489,-0.08454,0.01546,0.00000,-0.10000,2.600000,2.70000
2017-08-01,2.60000,1.92812,1.72511,0.20301,0.08454,2.64292,0.67188,0.57188,-0.20301,-0.40301,0.00000,0.10000,2.600000,2.50000
2017-09-01,2.70000,2.18057,1.92812,0.25245,0.20301,2.33206,0.41943,0.21943,-0.25245,-0.35245,0.10000,0.30000,2.600000,2.40000
2017-10-01,2.40000,2.02076,2.18057,-0.15981,0.25245,2.49203,0.67924,0.37924,0.25981,0.15981,-0.30000,0.00000,2.700000,2.40000
2017-11-01,2.50000,2.17249,2.02076,0.15173,-0.15981,2.14733,0.22751,0.22751,-0.45173,-0.15173,0.10000,0.10000,2.400000,2.40000
2017-12-01,2.70000,2.12993,2.17249,-0.04256,0.15173,2.00238,0.37007,0.07007,0.14256,-0.15744,0.20000,0.50000,2.500000,2.20000
2018-01-01,2.70000,2.15132,2.12993,0.02139,-0.04256,1.55068,0.54868,0.44868,0.17861,0.37861,0.00000,0.10000,2.700000,2.60000
2018-02-01,2.70000,2.26347,2.15132,0.11215,0.02139,1.52006,0.43653,0.43653,-0.11215,-0.01215,0.00000,0.00000,2.700000,2.70000
2018-03-01,2.80000,2.33095,2.26347,0.06748,0.11215,1.85314,0.36905,0.16905,-0.06748,-0.26748,0.10000,0.30000,2.700000,2.50000
2018-04-01,2.70000,2.47100,2.33095,0.14005,0.06748,1.99179,0.32900,0.02900,-0.04005,-0.14005,-0.10000,0.20000,2.800000,2.50000
2018-05-01,2.80000,2.78192,2.47100,0.31092,0.14005,1.79352,-0.08192,-0.18192,-0.41092,-0.21092,0.10000,0.20000,2.700000,2.60000
2018-06-01,3.00000,2.80755,2.78192,0.02563,0.31092,1.64968,-0.00755,-0.20755,0.07437,-0.02563,0.20000,0.40000,2.800000,2.60000
2018-07-01,2.90000,2.85412,2.80755,0.04657,0.02563,1.77976,0.14588,-0.25412,0.15343,-0.04657,-0.10000,0.30000,3.000000,2.60000
2018-08-01,3.00000,2.64292,2.85412,-0.21120,0.04657,1.74678,0.25708,-0.04292,0.11120,0.21120,0.10000,0.40000,2.900000,2.60000
2018-09-01,2.70000,2.33206,2.64292,-0.31086,-0.21120,1.71662,0.66794,0.36794,0.41086,0.41086,-0.30000,0.00000,3.000000,2.70000
2018-10-01,2.90000,2.49203,2.33206,0.15997,-0.31086,1.76918,0.20797,-0.09203,-0.45997,-0.45997,0.20000,0.50000,2.700000,2.40000
2018-11-01,2.80000,2.14733,2.49203,-0.34470,0.15997,2.06220,0.75267,0.35267,0.54470,0.44470,-0.10000,0.30000,2.900000,2.50000
2018-12-01,2.70000,2.00238,2.14733,-0.14495,-0.34470,2.31399,0.79762,0.69762,0.04495,0.34495,-0.10000,0.00000,2.800000,2.70000
2019-01-01,2.70000,1.55068,2.00238,-0.45170,-0.14495,2.50042,1.14932,1.14932,0.35170,0.45170,0.00000,0.00000,2.700000,2.70000
2019-02-01,2.60000,1.52006,1.55068,-0.03062,-0.45170,2.33932,1.17994,1.17994,0.03062,0.03062,-0.10000,-0.10000,2.700000,2.70000
2019-03-01,2.50000,1.85314,1.52006,0.33308,-0.03062,1.54287,0.74686,0.94686,-0.43308,-0.23308,-0.10000,-0.30000,2.600000,2.80000
2019-04-01,2.50000,1.99179,1.85314,0.13865,0.33308,0.34520,0.50821,0.70821,-0.23865,-0.23865,0.00000,-0.20000,2.500000,2.70000
2019-05-01,2.90000,1.79352,1.99179,-0.19827,0.13865,0.22641,0.70648,1.00648,0.19827,0.29827,0.40000,0.10000,2.500000,2.80000
2019-06-01,2.70000,1.64968,1.79352,-0.14384,-0.19827,0.71602,1.25032,1.35032,0.54384,0.34384,-0.20000,-0.30000,2.900000,3.00000
2019-07-01,2.60000,1.77976,1.64968,0.13008,-0.14384,1.01414,0.92024,1.12024,-0.33008,-0.23008,-0.10000,-0.30000,2.700000,2.90000
2019-08-01,2.70000,1.74678,1.77976,-0.03298,0.13008,1.30907,0.85322,1.25322,-0.06702,0.13298,0.10000,-0.30000,2.600000,3.00000
2019-09-01,2.80000,1.71662,1.74678,-0.03016,-0.03298,1.37148,0.98338,0.98338,0.13016,-0.26984,0.10000,0.10000,2.700000,2.70000
2019-10-01,2.50000,1.76918,1.71662,0.05256,-0.03016,1.18253,1.03082,1.13082,0.04744,0.14744,-0.30000,-0.40000,2.800000,2.90000
2019-11-01,2.50000,2.06220,1.76918,0.29302,0.05256,1.16756,0.43780,0.73780,-0.59302,-0.39302,0.00000,-0.30000,2.500000,2.80000
2019-12-01,2.30000,2.31399,2.06220,0.25179,0.29302,1.32204,0.18601,0.38601,-0.25179,-0.35179,-0.20000,-0.40000,2.500000,2.70000
2020-01-01,2.50000,2.50042,2.31399,0.18643,0.25179,1.39478,-0.20042,0.19958,-0.38643,-0.18643,0.20000,-0.20000,2.300000,2.70000
2020-02-01,2.40000,2.33932,2.50042,-0.16110,0.18643,1.69336,0.16068,0.26068,0.36110,0.06110,-0.10000,-0.20000,2.500000,2.60000
2020-03-01,2.20000,1.54287,2.33932,-0.79645,-0.16110,2.63052,0.85713,0.95713,0.69645,0.69645,-0.20000,-0.30000,2.400000,2.50000
2020-04-01,2.10000,0.34520,1.54287,-1.19767,-0.79645,4.13055,1.85480,2.15480,0.99767,1.19767,-0.10000,-0.40000,2.200000,2.50000
2020-05-01,3.20000,0.22641,0.34520,-0.11879,-1.19767,4.91503,1.87359,2.67359,0.01879,0.51879,1.10000,0.30000,2.100000,2.90000
2020-06-01,3.00000,0.71602,0.22641,0.48961,-0.11879,5.28161,2.48398,1.98398,0.61039,-0.68961,-0.20000,0.30000,3.200000,2.70000
2020-07-01,3.00000,1.01414,0.71602,0.29812,0.48961,5.22151,1.98586,1.58586,-0.49812,-0.39812,0.00000,0.40000,3.000000,2.60000
2020-08-01,3.10000,1.30907,1.01414,0.29493,0.29812,5.18829,1.69093,1.39093,-0.29493,-0.19493,0.10000,0.40000,3.000000,2.70000
2020-09-01,2.60000,1.37148,1.30907,0.06241,0.29493,5.38363,1.72852,1.42852,0.03759,0.03759,-0.50000,-0.20000,3.100000,2.80000
2020-10-01,2.60000,1.18253,1.37148,-0.18895,0.06241,6.23775,1.41747,1.31747,-0.31105,-0.11105,0.00000,0.10000,2.600000,2.50000
2020-11-01,2.80000,1.16756,1.18253,-0.01497,-0.18895,6.86239,1.43244,1.33244,0.01497,0.01497,0.20000,0.30000,2.600000,2.50000
2020-12-01,2.50000,1.32204,1.16756,0.15448,-0.01497,7.19446,1.47796,0.97796,0.04552,-0.35448,-0.30000,0.20000,2.800000,2.30000
2021-01-01,3.00000,1.39478,1.32204,0.07274,0.15448,7.59528,1.10522,1.10522,-0.37274,0.12726,0.50000,0.50000,2.500000,2.50000
2021-02-01,3.30000,1.69336,1.39478,0.29858,0.07274,7.95485,1.30664,0.70664,0.20142,-0.39858,0.30000,0.90000,3.000000,2.40000
2021-03-01,3.10000,2.63052,1.69336,0.93716,0.29858,8.51522,0.66948,-0.43052,-0.63716,-1.13716,-0.20000,0.90000,3.300000,2.20000
2021-04-01,3.40000,4.13055,2.63052,1.50003,0.93716,8.22777,-1.03055,-2.03055,-1.70003,-1.60003,0.30000,1.30000,3.100000,2.10000
2021-05-01,4.60000,4.91503,4.13055,0.78448,1.50003,8.50233,-1.51503,-1.71503,-0.48448,0.31552,1.20000,1.40000,3.400000,3.20000
2021-06-01,4.20000,5.28161,4.91503,0.36658,0.78448,8.93299,-0.68161,-2.28161,0.83342,-0.56658,-0.40000,1.20000,4.600000,3.00000
2021-07-01,4.70000,5.22151,5.28161,-0.06010,0.36658,8.41318,-1.02151,-2.22151,-0.33990,0.06010,0.50000,1.70000,4.200000,3.00000
2021-08-01,4.60000,5.18829,5.22151,-0.03322,-0.06010,8.22736,-0.48829,-2.08829,0.53322,0.13322,-0.10000,1.50000,4.700000,3.10000
2021-09-01,4.60000,5.38363,5.18829,0.19534,-0.03322,8.21485,-0.78363,-2.78363,-0.29534,-0.69534,0.00000,2.00000,4.600000,2.60000
2021-10-01,4.80000,6.23775,5.38363,0.85412,0.19534,7.76249,-1.63775,-3.63775,-0.85412,-0.85412,0.20000,2.20000,4.600000,2.60000
2021-11-01,4.90000,6.86239,6.23775,0.62464,0.85412,7.13535,-2.06239,-4.06239,-0.42464,-0.42464,0.10000,2.10000,4.800000,2.80000
2021-12-01,4.80000,7.19446,6.86239,0.33207,0.62464,6.44494,-2.29446,-4.69446,-0.23207,-0.63207,-0.10000,2.30000,4.900000,2.50000
2022-01-01,4.90000,7.59528,7.19446,0.40082,0.33207,6.34716,-2.79528,-4.59528,-0.50082,0.09918,0.10000,1.90000,4.800000,3.00000
2022-02-01,4.90000,7.95485,7.59528,0.35957,0.40082,5.98644,-3.05485,-4.65485,-0.25957,-0.05957,0.00000,1.60000,4.900000,3.30000
2022-03-01,5.40000,8.51522,7.95485,0.56037,0.35957,4.98692,-3.61522,-5.41522,-0.56037,-0.76037,0.50000,2.30000,4.900000,3.10000
2022-04-01,5.40000,8.22777,8.51522,-0.28745,0.56037,4.95719,-2.82777,-4.82777,0.78745,0.58745,0.00000,2.00000,5.400000,3.40000
2022-05-01,5.30000,8.50233,8.22777,0.27456,-0.28745,4.12884,-3.10233,-3.90233,-0.27456,0.92544,-0.10000,0.70000,5.400000,4.60000
2022-06-01,5.30000,8.93299,8.50233,0.43066,0.27456,3.09200,-3.63299,-4.73299,-0.53066,-0.83066,0.00000,1.10000,5.300000,4.20000
2022-07-01,5.20000,8.41318,8.93299,-0.51981,0.43066,3.29908,-3.11318,-3.71318,0.51981,1.01981,-0.10000,0.50000,5.300000,4.70000
2022-08-01,4.80000,8.22736,8.41318,-0.18582,-0.51981,3.70750,-3.02736,-3.62736,0.08582,0.08582,-0.40000,0.20000,5.200000,4.60000
2022-09-01,4.70000,8.21485,8.22736,-0.01251,-0.18582,0.00000,-3.41485,-3.61485,-0.38749,0.01251,-0.10000,0.10000,4.800000,4.60000
2022-10-01,5.00000,7.76249,8.21485,-0.45236,-0.01251,0.00000,-3.06249,-2.96249,0.35236,0.65236,0.30000,0.20000,4.700000,4.80000
2022-11-01,4.90000,7.13535,7.76249,-0.62714,-0.45236,0.00000,-2.13535,-2.23535,0.92714,0.72714,-0.10000,0.00000,5.000000,4.90000
2022-12-01,4.40000,6.44494,7.13535,-0.69041,-0.62714,0.00000,-1.54494,-1.64494,0.59041,0.59041,-0.50000,-0.40000,4.900000,4.80000
2023-01-01,3.90000,6.34716,6.44494,-0.09778,-0.69041,0.00000,-1.94716,-1.44716,-0.40222,0.19778,-0.50000,-1.00000,4.400000,4.90000
2023-02-01,4.10000,5.98644,6.34716,-0.36072,-0.09778,0.00000,-2.08644,-1.08644,-0.13928,0.36072,0.20000,-0.80000,3.900000,4.90000
2023-03-01,3.60000,4.98692,5.98644,-0.99952,-0.36072,0.00000,-0.88692,0.41308,1.19952,1.49952,-0.50000,-1.80000,4.100000,5.40000
2023-04-01,4.60000,4.95719,4.98692,-0.02973,-0.99952,0.00000,-1.35719,0.44281,-0.47027,0.02973,1.00000,-0.80000,3.600000,5.40000
2023-05-01,4.20000,4.12884,4.95719,-0.82835,-0.02973,0.00000,0.47116,1.17116,1.82835,0.72835,-0.40000,-1.10000,4.600000,5.30000
2023-06-01,3.30000,3.09200,4.12884,-1.03684,-0.82835,0.00000,1.10800,2.20800,0.63684,1.03684,-0.90000,-2.00000,4.200000,5.30000
2023-07-01,3.40000,3.29908,3.09200,0.20708,-1.03684,0.00000,0.00092,1.90092,-1.10708,-0.30708,0.10000,-1.80000,3.300000,5.20000
2023-08-01,3.50000,3.70750,3.29908,0.40842,0.20708,0.00000,-0.30750,1.09250,-0.30842,-0.80842,0.10000,-1.30000,3.400000,4.80000
